"study_id","site_id","core_id","method_id","representative_depth_min","representative_depth_max","dry_bulk_density","fraction_carbon","depth_interval_notes"
"Romero_et_al_2025","R1","R1-1","single set of methods",0,15,1.98049396575919,0.0086,"Sin M.O"
"Romero_et_al_2025","R1","R1-1","single set of methods",15,30,1.82360370474319,0.0085,"Pocas raíces"
"Romero_et_al_2025","R1","R1-2","single set of methods",0,15,0.808307605950042,0.0547,"Raíces"
"Romero_et_al_2025","R1","R1-2","single set of methods",15,30,0.724108896996913,0.0711,"Raíces y una raíz grande"
"Romero_et_al_2025","R1","R1-2","single set of methods",30,50,1.30016839741791,0.0216,"Raíces y una raíz grande"
"Romero_et_al_2025","R1","R1-2","single set of methods",50,100,1.9100477126017401,0.0026,"0.1 % raíces"
"Romero_et_al_2025","R1","R1-3","single set of methods",0,15,0.928711759753017,0.0406,"Raíces"
"Romero_et_al_2025","R1","R1-3","single set of methods",15,30,0.656328936289644,0.0545,"Raíces"
"Romero_et_al_2025","R1","R1-3","single set of methods",30,50,1.17022172326691,0.0245,"Raíces"
"Romero_et_al_2025","R1","R1-3","single set of methods",50,100,2.03536345776031,0.0026,"Pocas raíces"
"Romero_et_al_2025","R1","R1-4","single set of methods",0,15,1.2597530171204,0.027,"Raíces"
"Romero_et_al_2025","R1","R1-4","single set of methods",15,30,1.02119000841987,0.0321,"Raíces y una raíz grande"
"Romero_et_al_2025","R1","R1-4","single set of methods",30,50,1.1066516980073,0.0224,"Raíces y una raíz grande"
"Romero_et_al_2025","R1","R1-4","single set of methods",50,100,1.43095705865843,0.0219,"Raíces"
"Romero_et_al_2025","R2","R2-1","single set of methods",0,15,0.513879677877783,0.0471,"Pocas raíces"
"Romero_et_al_2025","R2","R2-1","single set of methods",15,30,0.685771288655119,0.04589999999999999,"Pocas raíces"
"Romero_et_al_2025","R2","R2-1","single set of methods",30,50,0.597820212574311,0.0493,"Pocas raíces y una raíz grande"
"Romero_et_al_2025","R2","R2-1","single set of methods",50,100,0.576447392005736,0.053,"Muestra compacta"
"Romero_et_al_2025","R2","R2-2","single set of methods",0,15,0.524869729985789,0.05509999999999999,"Pocas raíces"
"Romero_et_al_2025","R2","R2-2","single set of methods",15,30,0.509204679423234,0.0511,"Pocas raíces"
"Romero_et_al_2025","R2","R2-2","single set of methods",30,50,0.566024139794632,0.048,"Raíces y una raíz grande"
"Romero_et_al_2025","R2","R2-2","single set of methods",50,100,0.654418354543825,0.0389,"Pocas raíces y una raíz grande"
"Romero_et_al_2025","R2","R2-3","single set of methods",0,15,0.46887730933207,0.0596,"Pocas raíces"
"Romero_et_al_2025","R2","R2-3","single set of methods",15,30,0.53749886641879,0.04969999999999999,"Pocas raíces"
"Romero_et_al_2025","R2","R2-3","single set of methods",30,50,0.568095838587642,0.04190000000000001,"Pocas raíces"
"Romero_et_al_2025","R2","R2-3","single set of methods",50,100,0.680587918981896,0.035,"Pocas raíces y una raíz grande"
"Romero_et_al_2025","R2","R2-4","single set of methods",0,15,0.44301279014685,0.0649,"Pocas raíces"
"Romero_et_al_2025","R2","R2-4","single set of methods",15,30,0.48417520631178,0.0645,"Pocas raíces"
"Romero_et_al_2025","R2","R2-4","single set of methods",30,50,0.685011709601874,0.0469,"Pocas raíces y una raíz grande"
"Romero_et_al_2025","R2","R2-5","single set of methods",0,15,0.416674561819043,0.0703,"Pocas raíces"
"Romero_et_al_2025","R2","R2-5","single set of methods",15,30,0.591548018500045,0.0496,"Pocas raíces"
"Romero_et_al_2025","R2","R2-5","single set of methods",30,50,0.67303188614664,0.0423,"Pocas raíces y una raíz grande"
"Romero_et_al_2025","R2","R2-6","single set of methods",0,15,0.554239696826149,0.0496,"Raíces y una concha de 1cm"
"Romero_et_al_2025","R2","R2-6","single set of methods",15,30,0.571687675705087,0.051,"Raíces"
"Romero_et_al_2025","R2","R2-6","single set of methods",30,50,0.711763646189876,0.032,"Pocas raíces y una raíz grande"
"Romero_et_al_2025","R2","R2-6","single set of methods",50,100,0.81448288223696,0.0278,"Raíces y dos raíces grandes"
"Romero_et_al_2025","R3","R3-1","single set of methods",0,15,0.455045002368546,0.0703,"Raíces y una raíz grande"
"Romero_et_al_2025","R3","R3-1","single set of methods",15,30,0.318944409177474,0.0801,"Raíces y una raíz grande"
"Romero_et_al_2025","R3","R3-1","single set of methods",30,50,0.418933525490903,0.0654,"Raíces y una raíz grande"
"Romero_et_al_2025","R3","R3-2","single set of methods",0,15,0.458550450023685,0.0547,"Pocas raíces"
"Romero_et_al_2025","R3","R3-2","single set of methods",15,30,0.527795411263263,0.0504,"Raíces"
"Romero_et_al_2025","R3","R3-2","single set of methods",30,50,0.458746171860926,0.0549,"Una raíz grande"
"Romero_et_al_2025","R3","R3-3","single set of methods",0,15,0.370914258645192,0.0953,"Raíces y una raíz grande"
"Romero_et_al_2025","R3","R3-3","single set of methods",15,30,0.334633173120522,0.08380000000000001,"Raíces y una raíz grande"
"Romero_et_al_2025","R3","R3-3","single set of methods",30,50,0.431543865970095,0.0786,"Raíces y una raíz grande"
"Romero_et_al_2025","R3","R3-3","single set of methods",50,100,0.559598494353827,0.063,"Raíces y una raíz grande"
"Romero_et_al_2025","R3","R3-4","single set of methods",0,15,0.365703458076741,0.061,"Raíces"
"Romero_et_al_2025","R3","R3-4","single set of methods",15,30,0.364469030561349,0.0679,"Raíces y una raíz grande"
"Romero_et_al_2025","R3","R3-4","single set of methods",30,50,0.376598811025041,0.0561,"Raíces y una raíz grande"
"Romero_et_al_2025","R3","R3-4","single set of methods",50,100,0.60064527693135,0.0532,"Pocas raíces y una raíz grande"
"Romero_et_al_2025","R3","R3-5","single set of methods",0,15,0.354050213169114,0.0825,"Pocas raíces y una raíz grande"
"Romero_et_al_2025","R3","R3-5","single set of methods",15,30,0.31840029019679,0.08800000000000001,"Raíces y una raíz grande"
"Romero_et_al_2025","R3","R3-5","single set of methods",30,50,0.429652314898217,0.0611,"Raíces"
"Romero_et_al_2025","R3","R3-5","single set of methods",50,100,0.51245742964689,0.0508,"Raíces y una raíz grande"
"Romero_et_al_2025","R3","R3-6","single set of methods",0,15,0.482235907153008,0.0737,"Raíces y una raíz grande"
"Romero_et_al_2025","R3","R3-6","single set of methods",15,30,0.451800126961096,0.0661,"Pocas raíces y una raíz grande"
"Romero_et_al_2025","R3","R3-6","single set of methods",30,50,0.375427850837687,0.067,"Raíces y una raíz grande"
"Romero_et_al_2025","R4","R4-1","single set of methods",0,15,0.548365703458077,0.0504,"Raíces"
"Romero_et_al_2025","R4","R4-1","single set of methods",15,30,0.499591910764487,0.0523,"Raíces"
"Romero_et_al_2025","R4","R4-2","single set of methods",0,15,0.319753671245855,0.1325,"Raíces y una raíz grande"
"Romero_et_al_2025","R4","R4-2","single set of methods",15,30,0.312596354402829,0.14300000000000002,"Raíces"
"Romero_et_al_2025","R4","R4-2","single set of methods",30,50,0.342731039452351,0.1138,"Raíces y una raíz grande"
"Romero_et_al_2025","R4","R4-3","single set of methods",0,15,0.312363808621506,0.1286,"Raíces y una raíz grande"
"Romero_et_al_2025","R4","R4-3","single set of methods",15,30,0.341343973882289,0.1174,"Raíces y una raíz grande"
"Romero_et_al_2025","R4","R4-3","single set of methods",30,50,0.406593406593407,0.1139,"Pocas raíces y una concha de 0.8cm"
"Romero_et_al_2025","R4","R4-3","single set of methods",50,100,0.40831690267073,0.1245,"Raíces"
"Romero_et_al_2025","R4","R4-4","single set of methods",0,15,0.455329227854098,0.07690000000000001,"Raíces"
"Romero_et_al_2025","R4","R4-4","single set of methods",15,30,0.443910401741181,0.0771,"Raíces y una raíz grande"
"Romero_et_al_2025","R4","R4-4","single set of methods",30,50,0.609079445145019,0.0747,"25% raíces y una raíz grande"
"Romero_et_al_2025","R5","R5-1","single set of methods",0,15,0.511416390336333,0.0483,"Pocas raíces y una raíz grande"
"Romero_et_al_2025","R5","R5-1","single set of methods",15,30,0.44091774734742,0.05019999999999999,"Pocas raíces"
"Romero_et_al_2025","R5","R5-1","single set of methods",30,50,0.439650513421005,0.0565,"Pocas raíces"
"Romero_et_al_2025","R5","R5-2","single set of methods",0,15,0.428612032212222,0.0874,"Exoesqueleto de insecto de 2 cm, raíces y una raíz grande"
"Romero_et_al_2025","R5","R5-2","single set of methods",15,30,0.415162782261721,0.08810000000000001,"Raíces y una raíz grande"
"Romero_et_al_2025","R5","R5-2","single set of methods",30,50,0.390830480994415,0.07980000000000001,"Pocas raíces"
"Romero_et_al_2025","R5","R5-2","single set of methods",50,100,0.393977415307403,0.0626,"Pocas raíces"
"Romero_et_al_2025","R5","R5-3","single set of methods",0,15,0.401326385599242,0.1277,"Raíces y una raíz grande"
"Romero_et_al_2025","R5","R5-3","single set of methods",15,30,0.376983767117076,0.1111,"Raíces y una raíz grande"
"Romero_et_al_2025","R5","R5-3","single set of methods",30,50,0.340299045217078,0.1115,"Raíces y una raíz grande"
"Romero_et_al_2025","R5","R5-3","single set of methods",50,100,0.357770209715003,0.1229,"Raíces"
"Romero_et_al_2025","R5","R5-4","single set of methods",0,15,0.419043107531975,0.1239,"Raíces y una raíz grande"
"Romero_et_al_2025","R5","R5-4","single set of methods",15,30,0.391674979595538,0.1025,"Raíces y una raíz grande"
"Romero_et_al_2025","R5","R5-4","single set of methods",30,50,0.390830480994415,0.1322,"Raíces"
"Romero_et_al_2025","R5","R5-4","single set of methods",50,100,0.391826492202904,0.1081,"30% raíces"
"Romero_et_al_2025","R5","R5-5","single set of methods",0,15,0.416295594504974,0.1049,"Raíces y una raíz grande"
"Romero_et_al_2025","R5","R5-5","single set of methods",15,30,0.406638251564342,0.1029,"Raíces"
"Romero_et_al_2025","R5","R5-5","single set of methods",30,50,0.489641506034949,0.0962,"Raíces"
"Romero_et_al_2025","R5","R5-5","single set of methods",50,100,0.403925434665711,0.1117,"Pocas raíces y una raíz grande"
"Romero_et_al_2025","R5","R5-6","single set of methods",0,15,0.350639507342492,0.0523,"Pocas raíces"
"Romero_et_al_2025","R5","R5-6","single set of methods",15,30,0.309150267525166,0.0802,"30% raíces"
"Romero_et_al_2025","R5","R5-6","single set of methods",30,50,0.378039992794091,0.0799,"Pocas raíces"
"Romero_et_al_2025","R5","R5-6","single set of methods",50,100,0.429288402939595,0.0645,"Raíces"
"Romero_et_al_2025","SF1","SF1-1A","single set of methods",0,15,0.604926575082899,0.04849999999999999,"20% raíces"
"Romero_et_al_2025","SF1","SF1-1A","single set of methods",15,30,0.578670535957196,0.0452,"30% raíces y una raíz grande"
"Romero_et_al_2025","SF1","SF1-1A","single set of methods",30,50,0.499189335254909,0.0595,"Raíces y una raíz grande"
"Romero_et_al_2025","SF1","SF1-1A","single set of methods",50,100,0.652536296827388,0.0482,"30% raíces"
"Romero_et_al_2025","SF1","SF1-1B","single set of methods",0,15,0.684699194694458,0.0391,"Pocas raíces"
"Romero_et_al_2025","SF1","SF1-1B","single set of methods",15,30,0.572957286660016,0.0501,"Pocas raíces"
"Romero_et_al_2025","SF1","SF1-1B","single set of methods",30,50,0.585660241397946,0.0467,"Pocas raíces"
"Romero_et_al_2025","SF1","SF1-1B","single set of methods",50,100,0.574565334289299,0.0428,"Pocas raíces"
"Romero_et_al_2025","SF1","SF1-1C","single set of methods",0,15,0.67029843675983,0.0481,"Raíces"
"Romero_et_al_2025","SF1","SF1-1C","single set of methods",15,30,0.538496417883377,0.0431,"Raíces"
"Romero_et_al_2025","SF1","SF1-1C","single set of methods",30,50,0.558818230949378,0.0611,"Raíces"
"Romero_et_al_2025","SF1","SF1-1C","single set of methods",50,100,0.670281412439505,0.0462,"Raíces"
"Romero_et_al_2025","SF1","SF1-2","single set of methods",0,15,0.591567977261961,0.0524,"30% raíces"
"Romero_et_al_2025","SF1","SF1-2","single set of methods",15,30,0.559989117620386,0.0555,"20% raíces"
"Romero_et_al_2025","SF1","SF1-2","single set of methods",30,50,0.586110610700775,0.05389999999999999,"Raíces"
"Romero_et_al_2025","SF1","SF1-2","single set of methods",50,100,0.427406345223158,0.0549,"20% Raíces"
"Romero_et_al_2025","SF1","SF1-3A","single set of methods",0,15,0.33879677877783,0.0611,"Raíces"
"Romero_et_al_2025","SF1","SF1-3A","single set of methods",15,30,0.513376258275143,0.045,"Raíces"
"Romero_et_al_2025","SF1","SF1-3A","single set of methods",30,50,0.492433795712484,0.05019999999999999,"Raíces y una raíz grande"
"Romero_et_al_2025","SF1","SF1-3A","single set of methods",50,100,0.5543108083886,0.052,"30% raíces"
"Romero_et_al_2025","SF1","SF1-3B","single set of methods",0,15,0.430696352439602,0.0417,"Raíces"
"Romero_et_al_2025","SF1","SF1-3B","single set of methods",15,30,0.460324657658475,0.0449,"Raíces y una raíz grande"
"Romero_et_al_2025","SF1","SF1-3B","single set of methods",30,50,0.809764006485318,0.0323,"Raíces y una raíz grande"
"Romero_et_al_2025","SF1","SF1-3B","single set of methods",50,100,0.692507617852662,0.0473,"Pocas raíces"
"Romero_et_al_2025","SF1","SF1-3C","single set of methods",0,15,0.577546186641402,0.035,"Raíces y una raíz grande"
"Romero_et_al_2025","SF1","SF1-3C","single set of methods",15,30,0.485354130769928,0.0432,"Raíces y una raíz grande"
"Romero_et_al_2025","SF1","SF1-3C","single set of methods",30,50,0.74157809403711,0.03279999999999999,"Pocas raíces y una raíz grande"
"Romero_et_al_2025","SF1","SF1-3C","single set of methods",50,100,0.441028858218319,0.0561,"Pocas raíces"
"Romero_et_al_2025","SF1","SF1-4","single set of methods",0,15,0.91852202747513,0.0131,"Pocas raíces"
"Romero_et_al_2025","SF1","SF1-4","single set of methods",15,30,1.05087512469393,0.0172,"Pocas raíces"
"Romero_et_al_2025","SF1","SF1-4","single set of methods",30,50,0.973428211133129,0.009,"Pocas raíces"
"Romero_et_al_2025","SF1","SF1-4","single set of methods",50,100,0.899623588456713,0.0067,"Pocas raíces"
"Romero_et_al_2025","SF1","SF1-5","single set of methods",0,15,1.10298436759829,0.0093,"0.1% raíces"
"Romero_et_al_2025","SF1","SF1-5","single set of methods",15,30,1.09902965448445,0.0098,"0.1% raíces"
"Romero_et_al_2025","SF1","SF1-5","single set of methods",30,50,1.1440281030445,0.0093,"0.1% raíces"
"Romero_et_al_2025","SF1","SF1-5","single set of methods",50,100,1.22145545796738,0.001,"sin M.O"
"Romero_et_al_2025","SF2","SF2-1","single set of methods",0,15,0.35139744197063,0.08900000000000001,"Raíces"
"Romero_et_al_2025","SF2","SF2-1","single set of methods",15,30,0.358937154257731,0.0724,"Raíces"
"Romero_et_al_2025","SF2","SF2-1","single set of methods",30,50,0.390470185552153,0.0668,"15% raíces"
"Romero_et_al_2025","SF2","SF2-1","single set of methods",50,100,0.333213837605306,0.0633,"Raíces"
"Romero_et_al_2025","SF2","SF2-2","single set of methods",0,15,0.33775461866414,0.08560000000000001,"Raíces"
"Romero_et_al_2025","SF2","SF2-2","single set of methods",15,30,0.269338895438469,0.08109999999999999,"Raíces y una raíz grande"
"Romero_et_al_2025","SF2","SF2-2","single set of methods",30,50,0.311745631417763,0.07400000000000001,"Raíces y una raíz grande"
"Romero_et_al_2025","SF2","SF2-3","single set of methods",0,15,0.338607295120796,0.0967,"Raíces y una raíz grande"
"Romero_et_al_2025","SF2","SF2-3","single set of methods",15,30,0.392309785073003,0.094,"Raíces y una raíz grande"
"Romero_et_al_2025","SF2","SF2-3","single set of methods",30,50,0.304719870293641,0.1,"Raíces"
"Romero_et_al_2025","SF2","SF2-3","single set of methods",50,100,0.34620899802832,0.0934,"Raíces y una raíz grande"
"Romero_et_al_2025","SF2","SF2-4","single set of methods",0,15,0.446423495973472,0.0696,"Raíces"
"Romero_et_al_2025","SF2","SF2-4","single set of methods",15,30,0.308062029563798,0.08960000000000001,"Raíces y una raíz grande"
"Romero_et_al_2025","SF2","SF2-4","single set of methods",30,50,0.382994055125203,0.094,"Raíces y una raíz grande"
"Romero_et_al_2025","SF2","SF2-4","single set of methods",50,100,0.327657286252017,0.0885,"Raíces y dos raíz grandes"
"Romero_et_al_2025","SF2","SF2-5","single set of methods",0,15,0.488394126006632,0.0824,"Raíces"
"Romero_et_al_2025","SF2","SF2-5","single set of methods",15,30,0.357576856806022,0.1059,"Raíces y una raíz grande"
"Romero_et_al_2025","SF2","SF2-5","single set of methods",30,50,0.385426049360476,0.0915,"Raíces"
"Romero_et_al_2025","SF2","SF2-5","single set of methods",50,100,0.463882416203621,0.06269999999999999,"Raíces"
"Romero_et_al_2025","SF2","SF2-6","single set of methods",0,15,0.418853623874941,0.0855,"Raíces y una raíz grande"
"Romero_et_al_2025","SF2","SF2-6","single set of methods",15,30,0.440101568876394,0.0788,"Pocas raíces"
"Romero_et_al_2025","SF2","SF2-6","single set of methods",30,50,0.429472167177085,0.0799,"Raíces"
"Romero_et_al_2025","SF3","SF3-1","single set of methods",0,15,0.508289909995263,0.05169999999999999,"Raíces"
"Romero_et_al_2025","SF3","SF3-1","single set of methods",15,30,0.540944953296454,0.0532,"Raíces"
"Romero_et_al_2025","SF3","SF3-1","single set of methods",30,50,0.426319582057287,0.0572,"Raíces y una raíz grande"
"Romero_et_al_2025","SF3","SF3-1","single set of methods",50,100,0.510754615522495,0.0562,"Pocas raíces"
"Romero_et_al_2025","SF3","SF3-2","single set of methods",0,15,0.533870203694931,0.066,"Raíces"
"Romero_et_al_2025","SF3","SF3-2","single set of methods",15,30,0.496689942867507,0.06269999999999999,"30% raíces y una raíz grande"
"Romero_et_al_2025","SF3","SF3-2","single set of methods",30,50,0.386957304990092,0.061,"Raíces"
"Romero_et_al_2025","SF3","SF3-2","single set of methods",50,100,0.546961821114895,0.0694,"30% raíces y una raíz grande"
"Romero_et_al_2025","SF3","SF3-3","single set of methods",0,15,0.180293699668404,0.1852,"Raíces"
"Romero_et_al_2025","SF3","SF3-3","single set of methods",15,30,0.252743266527614,0.1524,"Raíces"
"Romero_et_al_2025","SF3","SF3-3","single set of methods",30,50,0.271122320302648,0.1234,"Raíces y dos raíz grandes"
"Romero_et_al_2025","SF3","SF3-3","single set of methods",50,100,0.309015952679692,0.11,"50% raíces"
"Romero_et_al_2025","SF3","SF3-4","single set of methods",0,15,0.295973472288015,0.1499,"Raíces y una raíz grande"
"Romero_et_al_2025","SF3","SF3-4","single set of methods",15,30,0.277409993651945,0.1459,"Raíces"
"Romero_et_al_2025","SF3","SF3-4","single set of methods",30,50,0.284363177805801,0.1289,"Raíces y tres raíz grandes"
"Romero_et_al_2025","SF3","SF3-4","single set of methods",50,100,0.262771105932963,0.1092,"50% raíces"
"Romero_et_al_2025","SF3","SF3-5","single set of methods",0,15,0.279677877783041,0.16690000000000002,"Raíces y una raíz grande"
"Romero_et_al_2025","SF3","SF3-5","single set of methods",15,30,0.35739548381246,0.1441,"Raíces y una raíz grande"
"Romero_et_al_2025","SF3","SF3-5","single set of methods",30,50,0.265627814808143,0.1382,"Raíces y una raíz grande"
"Romero_et_al_2025","SF3","SF3-5","single set of methods",50,100,0.281233195913246,0.1125,"Raíces"
"Romero_et_al_2025","SF3","SF3-6","single set of methods",0,15,0.211084793936523,0.1823,"Raíces"
"Romero_et_al_2025","SF3","SF3-6","single set of methods",15,30,0.151537136120432,0.2027,"Raíces y una raíz grande"
"Romero_et_al_2025","SF3","SF3-6","single set of methods",30,50,0.264907223923617,0.1424,"Raíces"
"Romero_et_al_2025","SF3","SF3-6","single set of methods",50,100,0.281053952321205,0.1421,"Raíces"
"Romero_et_al_2025","SL1","SL1-1","single set of methods",0,15,0.25068687825675,0.112,"Raíces"
"Romero_et_al_2025","SL1","SL1-1","single set of methods",15,30,0.37462591820078,0.08710000000000001,"Raíces"
"Romero_et_al_2025","SL1","SL1-1","single set of methods",30,50,0.383714646009728,0.0661,"20% raíz"
"Romero_et_al_2025","SL1","SL1-1","single set of methods",50,100,0.459849435382685,0.0492,"30% raíz"
"Romero_et_al_2025","SL1","SL1-2","single set of methods",0,15,0.31084793936523,0.0906,"Raíces"
"Romero_et_al_2025","SL1","SL1-2","single set of methods",15,30,0.255917293914936,0.0917,"Raíces"
"Romero_et_al_2025","SL1","SL1-2","single set of methods",30,50,0.471446586200685,0.1025,"Raíces"
"Romero_et_al_2025","SL1","SL1-2","single set of methods",50,100,0.414680050188206,0.0699,"Raíces"
"Romero_et_al_2025","SL1","SL1-3","single set of methods",0,15,0.428801515869256,0.1305,"Raíces"
"Romero_et_al_2025","SL1","SL1-3","single set of methods",15,30,0.464496236510384,0.1162,"Raíces"
"Romero_et_al_2025","SL1","SL1-3","single set of methods",30,50,0.458475950279229,0.0545,"Raíces"
"Romero_et_al_2025","SL1","SL1-3","single set of methods",50,100,0.50448108980104,0.033,"Poca raíz"
"Romero_et_al_2025","SL1","SL1-4","single set of methods",0,15,0.372998578872572,0.1084,"Raíces"
"Romero_et_al_2025","SL1","SL1-4","single set of methods",15,30,0.336084157069012,0.1319,"Raíces y una raíz grande"
"Romero_et_al_2025","SL1","SL1-4","single set of methods",30,50,0.421635741307872,0.1027,"Raíces"
"Romero_et_al_2025","SL1","SL1-4","single set of methods",50,100,0.490231224233734,0.06849999999999999,"Raíces"
"Romero_et_al_2025","SL1","SL1-5","single set of methods",0,15,0.593273330175272,0.07,"Raíces y una raíz grande"
"Romero_et_al_2025","SL1","SL1-5","single set of methods",15,30,0.326290015416704,0.1127,"Raíces"
"Romero_et_al_2025","SL1","SL1-5","single set of methods",30,50,0.324986488920915,0.1053,"Raíces y dos raíz grandes"
"Romero_et_al_2025","SL1","SL1-5","single set of methods",50,100,0.530202545259007,0.0598,"Raíces"
"Romero_et_al_2025","SL1","SL1-6","single set of methods",0,15,0.885836096636665,0.0288,"Raíces"
"Romero_et_al_2025","SL1","SL1-6","single set of methods",15,30,0.918110093407092,0.024,"Raíces"
"Romero_et_al_2025","SL1","SL1-6","single set of methods",30,50,0.381102504053324,0.0662,"Raíces"
"Romero_et_al_2025","SL1","SL1-6","single set of methods",50,100,0.533608173507797,0.0611,"30% raíz"
"Romero_et_al_2025","SL10","SL10-1A","single set of methods",0,15,0.332638559924207,0.08710000000000001,"30% raíces"
"Romero_et_al_2025","SL10","SL10-1A","single set of methods",15,30,0.355491067380067,0.1054,"Raíces"
"Romero_et_al_2025","SL10","SL10-1A","single set of methods",30,50,0.352278868672311,0.0891,"20% raíces"
"Romero_et_al_2025","SL10","SL10-1A","single set of methods",50,100,0.391557626814841,0.0767,"20% raíces"
"Romero_et_al_2025","SL10","SL10-1B","single set of methods",0,15,0.30838465182378,0.0728,"Pocas raíces"
"Romero_et_al_2025","SL10","SL10-1B","single set of methods",15,30,0.268341343973882,0.1032,"Pocas raíces"
"Romero_et_al_2025","SL10","SL10-1C","single set of methods",0,15,0.277498815727144,0.0963,"Raíces"
"Romero_et_al_2025","SL10","SL10-1C","single set of methods",15,30,0.278860977600435,0.1075,"Raíces y una raíz grande"
"Romero_et_al_2025","SL10","SL10-1C","single set of methods",30,50,0.293550711583498,0.1246,"Raíces y una raíz grande"
"Romero_et_al_2025","SL10","SL10-1C","single set of methods",50,100,0.294317978132282,0.0966,"Raíces"
"Romero_et_al_2025","SL10","SL10-2","single set of methods",0,15,0.243675982946471,0.1085,"50% raíces y una raíz grande"
"Romero_et_al_2025","SL10","SL10-2","single set of methods",15,30,0.293280130588555,0.1007,"75% raíces y una raíz grande"
"Romero_et_al_2025","SL10","SL10-2","single set of methods",30,50,0.254368582237435,0.1178,"75% raíces y una raíz grande"
"Romero_et_al_2025","SL10","SL10-2","single set of methods",50,100,0.306954651371213,0.0938,"30% raíces y dos raíz grandes"
"Romero_et_al_2025","SL10","SL10-3A","single set of methods",0,15,0.256466129796305,0.1125,"Raíces"
"Romero_et_al_2025","SL10","SL10-3A","single set of methods",15,30,0.28239775097488,0.1283,"Raíces y una raíz grande"
"Romero_et_al_2025","SL10","SL10-3A","single set of methods",30,50,0.220320662943614,0.1085,"Raíces y cinco raíz grandes"
"Romero_et_al_2025","SL10","SL10-3A","single set of methods",50,100,0.223785624663918,0.1145,"Raíces y una raíz grande"
"Romero_et_al_2025","SL10","SL10-3B","single set of methods",0,15,0.263666508763619,0.1348,"Raíces y una raíz grande"
"Romero_et_al_2025","SL10","SL10-3B","single set of methods",15,30,0.238868232520178,0.14550000000000002,"Raíces"
"Romero_et_al_2025","SL10","SL10-3B","single set of methods",30,50,0.265087371644749,0.129,"Raíces y una raíz grande"
"Romero_et_al_2025","SL10","SL10-3C","single set of methods",0,15,0.252960682141165,0.1311,"Raíces"
"Romero_et_al_2025","SL10","SL10-3C","single set of methods",15,30,0.22771379341616,0.1068,"Raíces"
"Romero_et_al_2025","SL10","SL10-3C","single set of methods",30,50,0.259412718429112,0.1136,"Raíces y dos raíz grandes"
"Romero_et_al_2025","SL10","SL10-3C","single set of methods",50,100,0.283473740813766,0.1047,"Raíces"
"Romero_et_al_2025","SL10","SL10-4","single set of methods",0,15,0.245665561345334,0.0994,"Raíces"
"Romero_et_al_2025","SL10","SL10-4","single set of methods",15,30,0.351410175024939,0.0943,"Raíces y una raíz grande"
"Romero_et_al_2025","SL10","SL10-4","single set of methods",30,50,0.289047018555215,0.0995,"Raíces y una raíz grande"
"Romero_et_al_2025","SL10","SL10-4","single set of methods",50,100,0.305879189818964,0.0964,"Raíces"
"Romero_et_al_2025","SL10","SL10-5","single set of methods",0,15,0.394599715774514,0.087,"Raíces y una raíz grande"
"Romero_et_al_2025","SL10","SL10-5","single set of methods",15,30,0.364650403554911,0.13140000000000002,"Raíces"
"Romero_et_al_2025","SL10","SL10-5","single set of methods",30,50,0.315708881282652,0.1132,"Raíces"
"Romero_et_al_2025","SL10","SL10-5","single set of methods",50,100,0.297902849973113,0.1044,"Raíces y dos raíz grandes"
"Romero_et_al_2025","SL10","SL10-6A","single set of methods",0,15,0.265561345333965,0.1238,"Raíces y una ríz grande"
"Romero_et_al_2025","SL10","SL10-6A","single set of methods",15,30,0.362836673619298,0.096,"Raíces"
"Romero_et_al_2025","SL10","SL10-6A","single set of methods",30,50,0.255629616285354,0.1303,"Raíces y cuatro raíz grandes"
"Romero_et_al_2025","SL10","SL10-6A","single set of methods",50,100,0.411364043735436,0.0985,"Raíces"
"Romero_et_al_2025","SL10","SL10-6B","single set of methods",0,15,0.226622453813359,0.0958,"Poca raíz y una raíz grande"
"Romero_et_al_2025","SL10","SL10-6B","single set of methods",15,30,0.290015416704453,0.1079,"Raíces"
"Romero_et_al_2025","SL10","SL10-6B","single set of methods",30,50,0.30661142136552,0.1109,"Raíces"
"Romero_et_al_2025","SL10","SL10-6C","single set of methods",0,15,0.366177167219327,0.1222,"Raíces"
"Romero_et_al_2025","SL10","SL10-6C","single set of methods",15,30,0.339802303437018,0.1145,"Raíces"
"Romero_et_al_2025","SL10","SL10-6C","single set of methods",30,50,0.258692127544587,0.1158,"Raíces"
"Romero_et_al_2025","SL11","SL11-1A","single set of methods",0,15,0.644528659403127,0.0407,"Poca raíz"
"Romero_et_al_2025","SL11","SL11-1A","single set of methods",15,30,0.652489344336628,0.0389,"Poca raíz"
"Romero_et_al_2025","SL11","SL11-1A","single set of methods",30,50,0.683570527832823,0.0239,"Poca raíz"
"Romero_et_al_2025","SL11","SL11-1A","single set of methods",50,100,0.929198781143574,0.0158,"0.1% raíces"
"Romero_et_al_2025","SL11","SL11-1B","single set of methods",0,15,0.696920890573188,0.0335,"Poca raíz"
"Romero_et_al_2025","SL11","SL11-1B","single set of methods",15,30,0.664006529427768,0.0331,"Poca raíz, una hoja y una raíz grande"
"Romero_et_al_2025","SL11","SL11-1B","single set of methods",30,50,0.602954422626554,0.033,"Poca raíz"
"Romero_et_al_2025","SL11","SL11-1B","single set of methods",50,100,0.864133357232479,0.0159,"Poca raíz"
"Romero_et_al_2025","SL11","SL11-1C","single set of methods",0,15,0.720701089531028,0.0301,"Poca raíz"
"Romero_et_al_2025","SL11","SL11-1C","single set of methods",15,30,0.708080166863154,0.0305,"Poca raíz"
"Romero_et_al_2025","SL11","SL11-1C","single set of methods",30,50,0.721131327688705,0.0325,"Poca raíz"
"Romero_et_al_2025","SL11","SL11-1C","single set of methods",50,100,0.741620362072056,0.0185,"Poca raíz"
"Romero_et_al_2025","SL11","SL11-2","single set of methods",0,15,0.652771198484131,0.0327,"Poca raíz"
"Romero_et_al_2025","SL11","SL11-2","single set of methods",15,30,0.675614401015689,0.027,"Poca raíz"
"Romero_et_al_2025","SL11","SL11-2","single set of methods",30,50,0.777067195099982,0.02009999999999999,"Poca raíz"
"Romero_et_al_2025","SL11","SL11-2","single set of methods",50,100,0.655852303280158,0.0406,"Poca raíz"
"Romero_et_al_2025","SL11","SL11-3A","single set of methods",0,15,0.546470866887731,0.0339,"Poca raíz, concha de 1cm"
"Romero_et_al_2025","SL11","SL11-3A","single set of methods",15,30,0.632356942051329,0.0298,"Poca raíz"
"Romero_et_al_2025","SL11","SL11-3A","single set of methods",30,50,0.610700774635201,0.0348,"Poca raíz"
"Romero_et_al_2025","SL11","SL11-3A","single set of methods",50,100,0.602079225667682,0.0342,"Poca raíz"
"Romero_et_al_2025","SL11","SL11-3B","single set of methods",0,15,0.71956418758882,0.0373,"Poca raíz y una concha de 0,5 cm"
"Romero_et_al_2025","SL11","SL11-3B","single set of methods",15,30,0.742722408633354,0.0232,"Poca raíz"
"Romero_et_al_2025","SL11","SL11-3B","single set of methods",30,50,0.682219419924338,0.0319,"Poca raíz"
"Romero_et_al_2025","SL11","SL11-3B","single set of methods",50,100,0.786610503674494,0.0253,"Poca raíz"
"Romero_et_al_2025","SL11","SL11-3C","single set of methods",0,15,0.676077688299384,0.0321,"Poca raíz"
"Romero_et_al_2025","SL11","SL11-3C","single set of methods",15,30,0.696381608778453,0.0288,"Poca raíz"
"Romero_et_al_2025","SL11","SL11-3C","single set of methods",30,50,0.623491262835525,0.0378,"Poca raíz"
"Romero_et_al_2025","SL11","SL11-3C","single set of methods",50,100,0.756856067395591,0.0266,"Poca raíz"
"Romero_et_al_2025","SL11","SL11-4","single set of methods",0,15,0.576693510184747,0.045,"5% raíz y un caracol de medio cm"
"Romero_et_al_2025","SL11","SL11-4","single set of methods",15,30,0.774462682506575,0.0225,"Poca raíz"
"Romero_et_al_2025","SL11","SL11-4","single set of methods",30,50,0.668438119257792,0.03029999999999999,"Poca raíz"
"Romero_et_al_2025","SL11","SL11-4","single set of methods",50,100,0.80767162573938,0.0264,"5% raíz"
"Romero_et_al_2025","SL11","SL11-5","single set of methods",0,15,0.690004737091426,0.0378,"Poca raíz"
"Romero_et_al_2025","SL11","SL11-5","single set of methods",15,30,0.561168042078535,0.0434,"Poca raíz"
"Romero_et_al_2025","SL11","SL11-5","single set of methods",30,50,0.644208250765628,0.0334,"2% raíz"
"Romero_et_al_2025","SL11","SL11-5","single set of methods",50,100,0.684172790822728,0.0387,"2% raíz"
"Romero_et_al_2025","SL11","SL11-6A","single set of methods",0,15,0.568356229275225,0.0364,"Poca raíz"
"Romero_et_al_2025","SL11","SL11-6A","single set of methods",15,30,0.664459961911671,0.0275,"Poca raíz"
"Romero_et_al_2025","SL11","SL11-6A","single set of methods",30,50,0.605746712304089,0.0389,"1% raíz"
"Romero_et_al_2025","SL11","SL11-6A","single set of methods",50,100,0.612654597598136,0.044,"5% raíz"
"Romero_et_al_2025","SL11","SL11-6B","single set of methods",0,15,0.505163429654192,0.0432,"Poca raíz"
"Romero_et_al_2025","SL11","SL11-6B","single set of methods",15,30,0.604788247030017,0.0315,"Poca raíz"
"Romero_et_al_2025","SL11","SL11-6B","single set of methods",30,50,0.587281570888128,0.0407,"Poca raíz"
"Romero_et_al_2025","SL11","SL11-6B","single set of methods",50,100,0.718408316902671,0.0262,"Poca raíz"
"Romero_et_al_2025","SL11","SL11-6C","single set of methods",0,15,0.47901468498342,0.04559999999999999,"Poca raíz"
"Romero_et_al_2025","SL11","SL11-6C","single set of methods",15,30,0.436383422508389,0.0581,"Poca raíz"
"Romero_et_al_2025","SL11","SL11-6C","single set of methods",30,50,0.526481715006305,0.0469,"Poca raíz"
"Romero_et_al_2025","SL11","SL11-6C","single set of methods",50,100,0.709535759096612,0.0275,"Poca raíz"
"Romero_et_al_2025","SL12","SL12-1A","single set of methods",0,15,0.36854571293226,0.071,"Raíces y un raíz grande"
"Romero_et_al_2025","SL12","SL12-1A","single set of methods",15,30,0.245941779269067,0.111,"Raíces y un raíz grande"
"Romero_et_al_2025","SL12","SL12-1A","single set of methods",30,50,0.274364979283012,0.12710000000000002,"Raíces y un raíz grande"
"Romero_et_al_2025","SL12","SL12-1A","single set of methods",50,100,0.370765370138018,0.1097,"Raíces"
"Romero_et_al_2025","SL12","SL12-1B","single set of methods",0,15,0.36257697773567,0.0825,"Poca raíz"
"Romero_et_al_2025","SL12","SL12-1B","single set of methods",15,30,0.43946676339893,0.0839,"Poca raíz"
"Romero_et_al_2025","SL12","SL12-1B","single set of methods",30,50,0.38740767429292,0.08900000000000001,"Poca raíz"
"Romero_et_al_2025","SL12","SL12-1C","single set of methods",0,15,0.371577451444813,0.0796,"Poca raíz"
"Romero_et_al_2025","SL12","SL12-1C","single set of methods",15,30,0.278498231613313,0.0914,"Poca raíz"
"Romero_et_al_2025","SL12","SL12-1C","single set of methods",30,50,0.33039092055485503,0.1129,"Raíces"
"Romero_et_al_2025","SL12","SL12-2","single set of methods",0,15,0.455897678825201,0.0482,"Poca raíz"
"Romero_et_al_2025","SL12","SL12-2","single set of methods",15,30,0.650856987394577,0.0408,"Poca raíz"
"Romero_et_al_2025","SL12","SL12-2","single set of methods",30,50,0.647180688164295,0.0262,"Poca raíz"
"Romero_et_al_2025","SL12","SL12-3A","single set of methods",0,15,0.976314542870677,0.0224,"Poca raíz"
"Romero_et_al_2025","SL12","SL12-3A","single set of methods",15,30,0.552734197877936,0.0107,"Poca raíz"
"Romero_et_al_2025","SL12","SL12-3A","single set of methods",30,50,0.963159791028644,0.008,"Poca raíz"
"Romero_et_al_2025","SL12","SL12-3A","single set of methods",50,100,0.806148055207026,0.00349999999999999,"Poca raíz"
"Romero_et_al_2025","SL12","SL12-3B","single set of methods",0,15,0.92098531501658,0.0233,"Poca raíz"
"Romero_et_al_2025","SL12","SL12-3B","single set of methods",15,30,0.714609594631359,0.02049999999999999,"Poca raíz y una raíz grande"
"Romero_et_al_2025","SL12","SL12-3B","single set of methods",30,50,0.774995496306972,0.0112,"Poca raíz y una raíz grande"
"Romero_et_al_2025","SL12","SL12-3C","single set of methods",0,15,0.952250118427286,0.02109999999999999,"Poca raíz"
"Romero_et_al_2025","SL12","SL12-3C","single set of methods",15,30,0.797134306701732,0.0173,"Poca raíz"
"Romero_et_al_2025","SL12","SL12-3C","single set of methods",30,50,0.851648351648352,0.00709999999999999,"Poca raíz"
"Romero_et_al_2025","SL12","SL12-4","single set of methods",0,15,0.62936996684036,0.0227,"Poca raíz"
"Romero_et_al_2025","SL12","SL12-4","single set of methods",15,30,0.798585290650222,0.0123,"Poca raíz"
"Romero_et_al_2025","SL12","SL12-4","single set of methods",30,50,0.923166996937489,0.009,"Poca raíz"
"Romero_et_al_2025","SL12","SL12-4","single set of methods",50,100,0.541943000537731,0.0291,"Poca raíz"
"Romero_et_al_2025","SL12","SL12-5","single set of methods",0,15,0.863098057792515,0.0265,"Poca raíz"
"Romero_et_al_2025","SL12","SL12-5","single set of methods",15,30,0.827423596626462,0.0247,"Poca raíz"
"Romero_et_al_2025","SL12","SL12-5","single set of methods",30,50,0.473518284993695,0.0277,"Poca raíz"
"Romero_et_al_2025","SL12","SL12-5","single set of methods",50,100,0.913694210431977,0.0139,"Poca raíz"
"Romero_et_al_2025","SL12","SL12-6A","single set of methods",0,15,0.400568450971104,0.0578,"20% raíz"
"Romero_et_al_2025","SL12","SL12-6A","single set of methods",15,30,0.338804751972431,0.0642,"20% raíz"
"Romero_et_al_2025","SL12","SL12-6A","single set of methods",30,50,0.401639344262295,0.0745,"Raíces"
"Romero_et_al_2025","SL12","SL12-6A","single set of methods",50,100,0.633984585051085,0.0304,"Poca raíz"
"Romero_et_al_2025","SL12","SL12-6B","single set of methods",0,15,0.653813358597821,0.05599999999999999,"Raíces"
"Romero_et_al_2025","SL12","SL12-6B","single set of methods",15,30,0.546567516096853,0.044,"Poca raíz"
"Romero_et_al_2025","SL12","SL12-6B","single set of methods",30,50,0.534408214736084,0.0489,"Poca raíz"
"Romero_et_al_2025","SL12","SL12-6B","single set of methods",50,100,0.574296468901237,0.04190000000000001,"Raíces"
"Romero_et_al_2025","SL12","SL12-6C","single set of methods",0,15,0.732638559924207,0.0461,"Poca raíz"
"Romero_et_al_2025","SL12","SL12-6C","single set of methods",15,30,0.536864060941326,0.0548,"Poca raíz"
"Romero_et_al_2025","SL12","SL12-6C","single set of methods",30,50,0.452080706179067,0.061,"Poca raíz"
"Romero_et_al_2025","SL13","SL13-1A","single set of methods",0,15,0.396778777830412,0.0935,"Raíces y una raíz grande"
"Romero_et_al_2025","SL13","SL13-1A","single set of methods",15,30,0.45678788428403,0.0903,"Raíces"
"Romero_et_al_2025","SL13","SL13-1A","single set of methods",30,50,0.358584038911908,0.1101,"Raíces"
"Romero_et_al_2025","SL13","SL13-1A","single set of methods",50,100,0.372557806058433,0.1111,"Raíces y una raíz grande"
"Romero_et_al_2025","SL13","SL13-1B","single set of methods",0,15,0.37271435338702,0.0955,"Raíces"
"Romero_et_al_2025","SL13","SL13-1B","single set of methods",15,30,0.353858710438016,0.0961,"Raíces"
"Romero_et_al_2025","SL13","SL13-1B","single set of methods",30,50,0.346964510898937,0.0868,"Raíces"
"Romero_et_al_2025","SL13","SL13-1B","single set of methods",50,100,0.386180319053594,0.0938,"Raíces"
"Romero_et_al_2025","SL13","SL13-1C","single set of methods",0,15,0.393936522974893,0.1136,"Raíces"
"Romero_et_al_2025","SL13","SL13-1C","single set of methods",15,30,0.328738550829781,0.0809,"Raíces"
"Romero_et_al_2025","SL13","SL13-1C","single set of methods",30,50,0.37849036209692,0.1025,"Raíces y una raíz grande"
"Romero_et_al_2025","SL13","SL13-1C","single set of methods",50,100,0.339756228714823,0.1104,"Raíces"
"Romero_et_al_2025","SL13","SL13-2","single set of methods",0,15,0.262624348649929,0.147,"Raíces y una raíz grande"
"Romero_et_al_2025","SL13","SL13-2","single set of methods",15,30,0.287838940781718,0.13570000000000002,"Raíces y una raíz grande"
"Romero_et_al_2025","SL13","SL13-2","single set of methods",30,50,0.339128085029724,0.1117,"Raíces y una raíz grande"
"Romero_et_al_2025","SL13","SL13-3A","single set of methods",0,15,0.310468972051161,0.1777,"Raíces y una raíz grande"
"Romero_et_al_2025","SL13","SL13-3A","single set of methods",15,30,0.309513013512288,0.1743,"Raíces y una raíz grande"
"Romero_et_al_2025","SL13","SL13-3A","single set of methods",30,50,0.344262295081967,0.1011,"Raíces y una raíz grande"
"Romero_et_al_2025","SL13","SL13-3A","single set of methods",50,100,0.37560494712314,0.13119999999999998,"Raíces"
"Romero_et_al_2025","SL13","SL13-3B","single set of methods",0,15,0.372051160587399,0.1727,"Raíces"
"Romero_et_al_2025","SL13","SL13-3B","single set of methods",15,30,0.275959009703455,0.2046,"Raíces y una raíz grande"
"Romero_et_al_2025","SL13","SL13-3B","single set of methods",30,50,0.32219419924338,0.1586,"Raíces"
"Romero_et_al_2025","SL13","SL13-3B","single set of methods",50,100,0.374529485570891,0.16,"Raíces y una raíz grande"
"Romero_et_al_2025","SL13","SL13-3C","single set of methods",0,15,0.162955945049739,0.2052,"Raíces y una raíz grande"
"Romero_et_al_2025","SL13","SL13-3C","single set of methods",15,30,0.283758048426589,0.1773,"Raíces y una raíz grande"
"Romero_et_al_2025","SL13","SL13-3C","single set of methods",30,50,0.315979102864349,0.1335,"Raíces y una raíz grande"
"Romero_et_al_2025","SL13","SL13-3C","single set of methods",50,100,0.305341459042839,0.14,"Raíces y una raíz grande"
"Romero_et_al_2025","SL13","SL13-4","single set of methods",0,15,0.328564661297963,0.1806,"Poca raíces y una raíz grande"
"Romero_et_al_2025","SL13","SL13-4","single set of methods",15,30,0.335449351591548,0.1485,"Raíces y una raíz grande"
"Romero_et_al_2025","SL13","SL13-4","single set of methods",30,50,0.359754999099261,0.1125,"Raíces y una raíz grande"
"Romero_et_al_2025","SL13","SL13-4","single set of methods",50,100,0.322638465674852,0.1649,"Raíces"
"Romero_et_al_2025","SL13","SL13-5","single set of methods",0,15,0.250307910942681,0.2498,"Raíces y una raíz grande"
"Romero_et_al_2025","SL13","SL13-5","single set of methods",15,30,0.247030017230434,0.2002,"Raíces y una raíz grande"
"Romero_et_al_2025","SL13","SL13-5","single set of methods",30,50,0.347504954062331,0.116,"Raíces"
"Romero_et_al_2025","SL13","SL13-5","single set of methods",50,100,0.286700125470514,0.17059999999999995,"Raíces y una raíz grande"
"Romero_et_al_2025","SL13","SL13-6A","single set of methods",0,15,0.24301279014685,0.2817,"Raíces"
"Romero_et_al_2025","SL13","SL13-6A","single set of methods",15,30,0.211480910492428,0.2693,"Raíces y una raíz grande"
"Romero_et_al_2025","SL13","SL13-6A","single set of methods",30,50,0.286524950459377,0.1939,"Raíces y una raíz grande"
"Romero_et_al_2025","SL13","SL13-6A","single set of methods",50,100,0.326402581107725,0.16449999999999998,"Raíces y una raíz grande"
"Romero_et_al_2025","SL13","SL13-6B","single set of methods",0,15,0.279298910468972,0.2686,"Raíces y una raíz grande"
"Romero_et_al_2025","SL13","SL13-6B","single set of methods",15,30,0.299174752879296,0.2033,"Raíces y una raíz grande"
"Romero_et_al_2025","SL13","SL13-6B","single set of methods",30,50,0.266978922716628,0.1809,"Raíces y una raíz grande"
"Romero_et_al_2025","SL13","SL13-6B","single set of methods",50,100,0.314214016848898,0.1971,"Raíces y una raíz grande"
"Romero_et_al_2025","SL13","SL13-6C","single set of methods",0,15,0.246423495973472,0.2702,"Raíces"
"Romero_et_al_2025","SL13","SL13-6C","single set of methods",15,30,0.23632901061032,0.2367,"Raíces y una raíz grande"
"Romero_et_al_2025","SL13","SL13-6C","single set of methods",30,50,0.331021437578815,0.1469,"Raíces y una raíz grande"
"Romero_et_al_2025","SL13","SL13-6C","single set of methods",50,100,0.298888689729342,0.16920000000000002,"Raíces y una raíz grande"
"Romero_et_al_2025","SL14","SL14-1A","single set of methods",0,15,0.695689246802463,0.0208,"Raíces y una raíz grande"
"Romero_et_al_2025","SL14","SL14-1A","single set of methods",15,30,0.651945225355945,0.0263,"Raíces y una raíz grande"
"Romero_et_al_2025","SL14","SL14-1A","single set of methods",30,50,0.806521347504954,0.0266,"Raíces"
"Romero_et_al_2025","SL14","SL14-1A","single set of methods",50,100,0.676734181753002,0.0325,"Raíces"
"Romero_et_al_2025","SL14","SL14-1B","single set of methods",0,15,0.715585030791094,0.02,"Raíces"
"Romero_et_al_2025","SL14","SL14-1B","single set of methods",15,30,0.803935793960279,0.03029999999999999,"Raíces"
"Romero_et_al_2025","SL14","SL14-1B","single set of methods",30,50,0.508466942893172,0.0423,"Pocas raíces"
"Romero_et_al_2025","SL14","SL14-1B","single set of methods",50,100,0.561390930274243,0.0388,"Raíces y una raíz grande"
"Romero_et_al_2025","SL14","SL14-1C","single set of methods",0,15,0.728848886783515,0.0407,"Pocas raíces"
"Romero_et_al_2025","SL14","SL14-1C","single set of methods",15,30,0.747438106465947,0.0365,"Pocas raíces"
"Romero_et_al_2025","SL14","SL14-1C","single set of methods",30,50,0.57728337236534,0.0294,"Raíces y una raíz grande"
"Romero_et_al_2025","SL14","SL14-1C","single set of methods",50,100,0.477863416382864,0.04650000000000001,"Raíces y una raíz grande"
"Romero_et_al_2025","SL14","SL14-2","single set of methods",0,15,0.644244433917575,0.0276,"0.3% raíces"
"Romero_et_al_2025","SL14","SL14-2","single set of methods",15,30,0.498231613312778,0.0401,"Raíces"
"Romero_et_al_2025","SL14","SL14-2","single set of methods",30,50,0.587011349306431,0.0446,"Raíces y una raíz grande"
"Romero_et_al_2025","SL14","SL14-2","single set of methods",50,100,0.798350958953217,0.0293,"Raíces"
"Romero_et_al_2025","SL14","SL14-3A","single set of methods",0,15,0.688204642349597,0.0353,"0.3% raíces"
"Romero_et_al_2025","SL14","SL14-3A","single set of methods",15,30,0.464858982497506,0.0605,"Raíces"
"Romero_et_al_2025","SL14","SL14-3A","single set of methods",30,50,0.444874797333814,0.0594,"Raíces"
"Romero_et_al_2025","SL14","SL14-3A","single set of methods",50,100,0.455009858397562,0.0617,"20% raíces"
"Romero_et_al_2025","SL14","SL14-3B","single set of methods",0,15,0.400189483657035,0.0575,"Pocas raíces"
"Romero_et_al_2025","SL14","SL14-3B","single set of methods",15,30,0.55191801940691,0.0535,"Raíces"
"Romero_et_al_2025","SL14","SL14-3B","single set of methods",30,50,0.44100162132949,0.0573,"Raíces y una raíz grande"
"Romero_et_al_2025","SL14","SL14-3B","single set of methods",50,100,0.515235705323535,0.0571,"Pocas raíces y una raíz grande"
"Romero_et_al_2025","SL14","SL14-3C","single set of methods",0,15,0.54476551397442,0.0454,"Pocas raíces"
"Romero_et_al_2025","SL14","SL14-3C","single set of methods",15,30,0.490886007073547,0.0525,"Pocas raíces"
"Romero_et_al_2025","SL14","SL14-3C","single set of methods",30,50,0.409565843992074,0.0528,"Pocas raíces"
"Romero_et_al_2025","SL14","SL14-3C","single set of methods",50,100,0.593117046065603,0.0512,"Pocas raíces"
"Romero_et_al_2025","SL14","SL14-4","single set of methods",0,15,0.403694931312174,0.06,"Raíces y una raíz grande"
"Romero_et_al_2025","SL14","SL14-4","single set of methods",15,30,0.357032737825338,0.0851,"Raíces y una raíz grande"
"Romero_et_al_2025","SL14","SL14-4","single set of methods",30,50,0.297153666006125,0.0855,"Raíces y una raíz grande"
"Romero_et_al_2025","SL14","SL14-4","single set of methods",50,100,0.56676823803549,0.047,"Raíces"
"Romero_et_al_2025","SL14","SL14-5","single set of methods",0,15,0.554618664140218,0.055,"0.3% raíces"
"Romero_et_al_2025","SL14","SL14-5","single set of methods",15,30,0.479278135485626,0.0555,"Raíces"
"Romero_et_al_2025","SL14","SL14-5","single set of methods",30,50,0.528643487659881,0.057,"10% raíces"
"Romero_et_al_2025","SL14","SL14-5","single set of methods",50,100,0.716167772002151,0.0418,"10% raíces"
"Romero_et_al_2025","SL2","SL2-1","single set of methods",0,15,0.427380388441497,0.0676,"20% raíces"
"Romero_et_al_2025","SL2","SL2-1","single set of methods",15,30,0.377799945588102,0.064,"Raíces"
"Romero_et_al_2025","SL2","SL2-1","single set of methods",30,50,0.339578454332553,0.0693,"Raíces"
"Romero_et_al_2025","SL2","SL2-1","single set of methods",50,100,0.273256856067396,0.0708,"Raíces"
"Romero_et_al_2025","SL2","SL2-2","single set of methods",0,15,0.397441970630033,0.0849,"30% raíces"
"Romero_et_al_2025","SL2","SL2-2","single set of methods",15,30,0.304888002176476,0.0827,"Raíces"
"Romero_et_al_2025","SL2","SL2-2","single set of methods",30,50,0.315438659700955,0.0857,"Raíces"
"Romero_et_al_2025","SL2","SL2-2","single set of methods",50,100,0.288044452410826,0.1019,"Raíces"
"Romero_et_al_2025","SL2","SL2-3","single set of methods",0,15,0.340596873519659,0.085,"Raíces"
"Romero_et_al_2025","SL2","SL2-3","single set of methods",15,30,0.389770563163145,0.0974,"Raíces"
"Romero_et_al_2025","SL2","SL2-3","single set of methods",30,50,0.331021437578815,0.14400000000000002,"Raíces"
"Romero_et_al_2025","SL2","SL2-3","single set of methods",50,100,0.279261516400789,0.1337,"Poca raíz"
"Romero_et_al_2025","SL2","SL2-4","single set of methods",0,15,0.694552344860256,0.0281,"Raíces"
"Romero_et_al_2025","SL2","SL2-4","single set of methods",15,30,0.614945134669448,0.0338,"Raíces y una raíz grande"
"Romero_et_al_2025","SL3","SL3-1A","single set of methods",0,15,0.220085267645666,0.08810000000000001,"Raíces"
"Romero_et_al_2025","SL3","SL3-1A","single set of methods",15,30,0.286206583839666,0.0975,"Raíces y dos raíz grande"
"Romero_et_al_2025","SL3","SL3-1A","single set of methods",30,50,0.246261934786525,0.076,"Poca raíz"
"Romero_et_al_2025","SL3","SL3-1B","single set of methods",0,15,0.340502131691142,0.0758,"Pocas raíces"
"Romero_et_al_2025","SL3","SL3-1B","single set of methods",15,30,0.296544844472658,0.0809,"Raíces y una raíz grande"
"Romero_et_al_2025","SL3","SL3-1B","single set of methods",30,50,0.343631778058008,0.0788,"Raíces y tres raíz grandes"
"Romero_et_al_2025","SL3","SL3-1C","single set of methods",0,15,0.30383704405495,0.0909,"Pocas raíces"
"Romero_et_al_2025","SL3","SL3-1C","single set of methods",15,30,0.266255554547928,0.0882,"Pocas raíces"
"Romero_et_al_2025","SL3","SL3-1C","single set of methods",30,50,0.357953521887948,0.0665,"Pocas raíces"
"Romero_et_al_2025","SL3","SL3-1C","single set of methods",50,100,0.360100376411543,0.07919999999999999,"Pocas raíces"
"Romero_et_al_2025","SL3","SL3-2","single set of methods",0,15,0.428896257697774,0.0537,"1% raíces"
"Romero_et_al_2025","SL3","SL3-2","single set of methods",15,30,0.521175296998277,0.04969999999999999,"10% raíces"
"Romero_et_al_2025","SL3","SL3-2","single set of methods",30,50,0.427760763826338,0.052,"20% raíces"
"Romero_et_al_2025","SL3","SL3-2","single set of methods",50,100,0.471589890661409,0.0555,"15% raíces"
"Romero_et_al_2025","SL3","SL3-3A","single set of methods",0,15,0.395168166745618,0.0895,"Raíces y una raíz grande"
"Romero_et_al_2025","SL3","SL3-3A","single set of methods",15,30,0.328738550829781,0.065,"Raíces y una raíz grande"
"Romero_et_al_2025","SL3","SL3-3A","single set of methods",30,50,0.332192397766168,0.08039999999999999,"Raíces y tres raíz grandes"
"Romero_et_al_2025","SL3","SL3-3B","single set of methods",0,15,0.449834201800095,0.0659,"Pocas raíces"
"Romero_et_al_2025","SL3","SL3-3B","single set of methods",15,30,0.424503491430126,0.0572,"Pocas raíces"
"Romero_et_al_2025","SL3","SL3-3B","single set of methods",30,50,0.223293100342281,0.0866,"Raíces y una raiz grande"
"Romero_et_al_2025","SL3","SL3-3B","single set of methods",50,100,0.42086395411364,0.0706,"Raíces"
"Romero_et_al_2025","SL3","SL3-3C","single set of methods",0,15,0.356039791567977,0.0718,"Raíces"
"Romero_et_al_2025","SL3","SL3-3C","single set of methods",15,30,0.411807381880838,0.05679999999999999,"Raíces"
"Romero_et_al_2025","SL3","SL3-3C","single set of methods",30,50,0.377949918933526,0.0588,"Pocas raíces"
"Romero_et_al_2025","SL3","SL3-3C","single set of methods",50,100,0.399982075640796,0.0583,"Raíces y una raíz grande"
"Romero_et_al_2025","SL3","SL3-4","single set of methods",0,15,0.401326385599242,0.0625,"Poca raíces"
"Romero_et_al_2025","SL3","SL3-4","single set of methods",15,30,0.436020676521266,0.0569,"50% raíces"
"Romero_et_al_2025","SL3","SL3-4","single set of methods",30,50,0.40235993514682,0.0641,"Raíces"
"Romero_et_al_2025","SL3","SL3-4","single set of methods",50,100,0.409930094999104,0.0642,"20% raíces"
"Romero_et_al_2025","SL3","SL3-5","single set of methods",0,15,0.322595926101374,0.0866,"30% raíces"
"Romero_et_al_2025","SL3","SL3-5","single set of methods",15,30,0.364287657567788,0.0821,"Raíces y dos raíz grandes"
"Romero_et_al_2025","SL3","SL3-5","single set of methods",30,50,0.441091695190056,0.0725,"Raíces"
"Romero_et_al_2025","SL3","SL3-6A","single set of methods",0,15,0.375556608242539,0.0639,"Raíces y una raíz grande"
"Romero_et_al_2025","SL3","SL3-6A","single set of methods",15,30,0.262900154167044,0.0683,"Poca raíces"
"Romero_et_al_2025","SL3","SL3-6A","single set of methods",30,50,0.265447667087011,0.0624,"Poca raíces"
"Romero_et_al_2025","SL3","SL3-6A","single set of methods",50,100,0.506273525721455,0.0691,"Poca raíces"
"Romero_et_al_2025","SL3","SL3-6B","single set of methods",0,15,0.382662245381336,0.0655,"Pocas raíces"
"Romero_et_al_2025","SL3","SL3-6B","single set of methods",15,30,0.350231250566791,0.0905,"Pocas raíces"
"Romero_et_al_2025","SL3","SL3-6B","single set of methods",30,50,0.366600612502252,0.0699,"Pocas raíces"
"Romero_et_al_2025","SL3","SL3-6B","single set of methods",50,100,0.373185158630579,0.0694,"Pocas raíces"
"Romero_et_al_2025","SL3","SL3-6C","single set of methods",0,15,0.357555660824254,0.08779999999999999,"Raíces"
"Romero_et_al_2025","SL3","SL3-6C","single set of methods",15,30,0.31404733835132,0.0699,"Raíces y una raíz grande"
"Romero_et_al_2025","SL3","SL3-6C","single set of methods",30,50,0.317240136912268,0.0695,"Raíces y 4  raíz grandes"
"Romero_et_al_2025","SL3","SL3-6C","single set of methods",50,100,0.415217780964331,0.0616,"Raíces"
"Romero_et_al_2025","SL4","SL4-1","single set of methods",0,15,0.413169114163903,0.0428,"10% raíz"
"Romero_et_al_2025","SL4","SL4-1","single set of methods",15,30,0.442005985308788,0.0443,"Poca raíz"
"Romero_et_al_2025","SL4","SL4-1","single set of methods",30,50,0.291839308232751,0.0542,"10% raíz"
"Romero_et_al_2025","SL4","SL4-1","single set of methods",50,100,0.40276035131744,0.0494,"5% raíz"
"Romero_et_al_2025","SL4","SL4-2","single set of methods",0,15,0.434201800094742,0.0592,"Poca raíz"
"Romero_et_al_2025","SL4","SL4-2","single set of methods",15,30,0.330461594268613,0.053,"10% raíz"
"Romero_et_al_2025","SL4","SL4-2","single set of methods",30,50,0.426769951360115,0.0538,"5% raíz"
"Romero_et_al_2025","SL4","SL4-3","single set of methods",0,15,0.28252013263856,0.0968,"Raíces"
"Romero_et_al_2025","SL4","SL4-3","single set of methods",15,30,0.320939512106647,0.0766,"Raíces"
"Romero_et_al_2025","SL4","SL4-3","single set of methods",30,50,0.259592866150243,0.0866,"Raíces y una raíz grande"
"Romero_et_al_2025","SL4","SL4-3","single set of methods",50,100,0.297185875604947,0.0821,"Raíces"
"Romero_et_al_2025","SL4","SL4-4","single set of methods",0,15,0.333301752723828,0.1065,"Raíces"
"Romero_et_al_2025","SL4","SL4-4","single set of methods",15,30,0.230162328829237,0.1038,"Raíces"
"Romero_et_al_2025","SL4","SL4-4","single set of methods",30,50,0.228967753557918,0.086,"Raíces"
"Romero_et_al_2025","SL4","SL4-4","single set of methods",50,100,0.334916651729701,0.0713,"20% raíces"
"Romero_et_al_2025","SL4","SL4-5","single set of methods",0,15,0.236286120322122,0.1007,"Raíces"
"Romero_et_al_2025","SL4","SL4-5","single set of methods",15,30,0.222091230615761,0.0993,"Raíces"
"Romero_et_al_2025","SL4","SL4-5","single set of methods",30,50,0.258602053684021,0.08839999999999999,"Raíces"
"Romero_et_al_2025","SL4","SL4-5","single set of methods",50,100,0.324251658003226,0.0993,"Raíces"
"Romero_et_al_2025","SL4","SL4-6","single set of methods",0,15,0.339459971577451,0.0922,"Raíces"
"Romero_et_al_2025","SL4","SL4-6","single set of methods",15,30,0.371633263807019,0.0962,"Raíces"
"Romero_et_al_2025","SL4","SL4-6","single set of methods",30,50,0.271662763466042,0.0832,"Raíces"
"Romero_et_al_2025","SL4","SL4-6","single set of methods",50,100,0.275228535579853,0.0673,"20% raíz"
"Romero_et_al_2025","SL5","SL5-1","single set of methods",0,15,0.380293699668404,0.0904,"Raíces"
"Romero_et_al_2025","SL5","SL5-1","single set of methods",15,30,0.297270336446903,0.1419,"Raíces"
"Romero_et_al_2025","SL5","SL5-1","single set of methods",30,50,0.284813547108629,0.1655,"Raíces"
"Romero_et_al_2025","SL5","SL5-1","single set of methods",50,100,0.288582183186951,0.1394,"Raíces y una raíz grande"
"Romero_et_al_2025","SL5","SL5-2","single set of methods",0,15,0.30525817148271,0.1058,"Raíces"
"Romero_et_al_2025","SL5","SL5-2","single set of methods",15,30,0.270427133399837,0.183,"Raíces y tres raíz grandes"
"Romero_et_al_2025","SL5","SL5-2","single set of methods",30,50,0.308232750855702,0.1606,"Raíces y una raíz grande"
"Romero_et_al_2025","SL5","SL5-2","single set of methods",50,100,0.264205054669296,0.1437,"Raíces"
"Romero_et_al_2025","SL5","SL5-3","single set of methods",0,15,0.214211274277594,0.17129999999999998,"Raíces y una raíz grande"
"Romero_et_al_2025","SL5","SL5-3","single set of methods",15,30,0.284120794413712,0.175,"Raíces"
"Romero_et_al_2025","SL5","SL5-3","single set of methods",30,50,0.269681138533598,0.1791,"Raíces y una raíz grande"
"Romero_et_al_2025","SL5","SL5-3","single set of methods",50,100,0.298082093565155,0.147,"Raíces y dos raíz grandes"
"Romero_et_al_2025","SL5","SL5-4","single set of methods",0,15,0.26783514921838,0.1497,"Raíces y una raíz grande"
"Romero_et_al_2025","SL5","SL5-4","single set of methods",15,30,0.260995737734651,0.199,"Raíces"
"Romero_et_al_2025","SL5","SL5-4","single set of methods",30,50,0.265537740947577,0.1776,"Raíces y una raíz grande"
"Romero_et_al_2025","SL5","SL5-4","single set of methods",50,100,0.290284997311346,0.1391,"Raíces y una raíz grande"
"Romero_et_al_2025","SL5","SL5-5","single set of methods",0,15,0.285836096636665,0.206,"Raíces"
"Romero_et_al_2025","SL5","SL5-5","single set of methods",15,30,0.25210846105015,0.1953,"Raíces y una raíz grande"
"Romero_et_al_2025","SL5","SL5-5","single set of methods",30,50,0.216807782381553,0.1806,"Raíces"
"Romero_et_al_2025","SL5","SL5-5","single set of methods",50,100,0.201649041046783,0.1539,"Raíces"
"Romero_et_al_2025","SL5","SL5-6","single set of methods",0,15,0.287636191378494,0.1947,"Raíces y una raíz grande"
"Romero_et_al_2025","SL5","SL5-6","single set of methods",15,30,0.271878117348327,0.19329999999999997,"Raíces y una raíz grande"
"Romero_et_al_2025","SL5","SL5-6","single set of methods",30,50,0.263105746712304,0.2097,"Raíces"
"Romero_et_al_2025","SL5","SL5-6","single set of methods",50,100,0.197705682021868,0.17170000000000002,"Raíces"
"Romero_et_al_2025","SL6","SL6-1","single set of methods",0,15,0.254855518711511,0.1514,"Raíces y una raíz grande"
"Romero_et_al_2025","SL6","SL6-1","single set of methods",15,30,0.246576584746531,0.122,"Raíces y tres raíz grandes"
"Romero_et_al_2025","SL6","SL6-1","single set of methods",30,50,0.327328409295622,0.1067,"Raíces"
"Romero_et_al_2025","SL6","SL6-1","single set of methods",50,100,0.220111131027066,0.1017,"Raíces y una raíz grande"
"Romero_et_al_2025","SL6","SL6-2","single set of methods",0,15,0.281856939838939,0.1319,"Raíces"
"Romero_et_al_2025","SL6","SL6-2","single set of methods",15,30,0.245488346785164,0.1358,"Raíces"
"Romero_et_al_2025","SL6","SL6-2","single set of methods",30,50,0.281751035849396,0.1124,"20% raíces y dos raíz grandes"
"Romero_et_al_2025","SL6","SL6-3","single set of methods",0,15,0.224159166271909,0.1359,"Raíces y dos troncos grandes"
"Romero_et_al_2025","SL6","SL6-3","single set of methods",15,30,0.214564251382969,0.121,"Raíces"
"Romero_et_al_2025","SL6","SL6-3","single set of methods",30,50,0.216987930102684,0.1489,"Raíces"
"Romero_et_al_2025","SL6","SL6-3","single set of methods",50,100,0.165441835454383,0.0957,"10% raíz"
"Romero_et_al_2025","SL6","SL6-4","single set of methods",0,15,0.266698247276172,0.12,"Raíces"
"Romero_et_al_2025","SL6","SL6-4","single set of methods",15,30,0.223451528067471,0.1383,"Raíces"
"Romero_et_al_2025","SL6","SL6-4","single set of methods",30,50,0.192487840028824,0.1203,"Raíces y dos raíz grandes"
"Romero_et_al_2025","SL6","SL6-4","single set of methods",50,100,0.182828463882416,0.1502,"Raíces y dos raíz grandes"
"Romero_et_al_2025","SL6","SL6-5","single set of methods",0,15,0.232685930838465,0.1412,"Poca raíz"
"Romero_et_al_2025","SL6","SL6-5","single set of methods",15,30,0.260451618753968,0.1074,"Poca raíz"
"Romero_et_al_2025","SL6","SL6-5","single set of methods",30,50,0.227436497928301,0.097,"Raíces y dos raíz grandes"
"Romero_et_al_2025","SL6","SL6-5","single set of methods",50,100,0.279351138196809,0.0913,"Raíces y dos raíz grandes"
"Romero_et_al_2025","SL6","SL6-6","single set of methods",0,15,0.192041686404548,0.16820000000000002,"Raíces y dos raíz grandes"
"Romero_et_al_2025","SL6","SL6-6","single set of methods",15,30,0.215924548834679,0.1294,"Raíces y una raíz grande"
"Romero_et_al_2025","SL6","SL6-6","single set of methods",30,50,0.224193838947937,0.1126,"Raíces y una raíz grande"
"Romero_et_al_2025","SL7","SL7-1","single set of methods",0,15,0.686309805779251,0.047,"25% raíz"
"Romero_et_al_2025","SL7","SL7-1","single set of methods",15,30,0.408542667996735,0.0652,"30% raíz y una raíz grande"
"Romero_et_al_2025","SL7","SL7-1","single set of methods",30,50,0.597099621689786,0.0434,"60% raíces"
"Romero_et_al_2025","SL7","SL7-1","single set of methods",50,100,0.519627173328554,0.054,"30% raíces"
"Romero_et_al_2025","SL7","SL7-2","single set of methods",0,15,0.614874467077214,0.0392,"Raíces"
"Romero_et_al_2025","SL7","SL7-2","single set of methods",15,30,0.58356760678335,0.04389999999999999,"25% raíz"
"Romero_et_al_2025","SL7","SL7-2","single set of methods",30,50,0.551432174382994,0.0444,"Poca raíz"
"Romero_et_al_2025","SL7","SL7-2","single set of methods",50,100,0.387524645993906,0.0623,"30% raíz"
"Romero_et_al_2025","SL7","SL7-3","single set of methods",0,15,0.550639507342492,0.0471,"Raíces y dos raíz grandes"
"Romero_et_al_2025","SL7","SL7-3","single set of methods",15,30,0.558719506665458,0.0461,"Raíces y dos raíz grandes"
"Romero_et_al_2025","SL7","SL7-3","single set of methods",30,50,0.552332912988651,0.0493,"Raíces y tres raíz grandes"
"Romero_et_al_2025","SL7","SL7-3","single set of methods",50,100,0.281322817709267,0.0941,"Raíces y cinco raíz grandes"
"Romero_et_al_2025","SL7","SL7-4","single set of methods",0,15,0.434864992894363,0.0802,"Raíces y una raíz grande"
"Romero_et_al_2025","SL7","SL7-4","single set of methods",15,30,0.377981318581663,0.08439999999999999,"Raíces y una raíz grande"
"Romero_et_al_2025","SL7","SL7-4","single set of methods",30,50,0.474328949738786,0.0699,"Raíces"
"Romero_et_al_2025","SL7","SL7-4","single set of methods",50,100,0.328732747804266,0.0771,"Raíces y tres raíz grandes"
"Romero_et_al_2025","SL7","SL7-5","single set of methods",0,15,0.341733775461866,0.142,"Raíces y una raíz grande"
"Romero_et_al_2025","SL7","SL7-5","single set of methods",15,30,0.275505577219552,0.1289,"Raíces y tres raíz grandes"
"Romero_et_al_2025","SL7","SL7-5","single set of methods",30,50,0.338767789587462,0.1071,"Raíces y una raíz grande"
"Romero_et_al_2025","SL7","SL7-5","single set of methods",50,100,0.375963434307224,0.0689,"50% raíz"
"Romero_et_al_2025","SL7","SL7-6","single set of methods",0,15,0.249076267171956,0.2189,"Pocas raíces"
"Romero_et_al_2025","SL7","SL7-6","single set of methods",15,30,0.251564342069466,0.1996,"Pocas raíces"
"Romero_et_al_2025","SL7","SL7-6","single set of methods",30,50,0.238785804359575,0.2079,"Pocas raíces"
"Romero_et_al_2025","SL7","SL7-6","single set of methods",50,100,0.420595088725578,0.06570000000000001,"Pocas raíces y una raíz grande"
"Romero_et_al_2025","SL8","SL8-1","single set of methods",0,15,0.300805305542397,0.1775,"Raíces y seis raíz medianas"
"Romero_et_al_2025","SL8","SL8-1","single set of methods",15,30,0.246576584746531,0.188,"Raíces y una raíz grande"
"Romero_et_al_2025","SL8","SL8-1","single set of methods",30,50,0.325436858223743,0.1315,"Raíces y una raíz grande"
"Romero_et_al_2025","SL8","SL8-1","single set of methods",50,100,0.308657465495609,0.1146,"Raíces y una raíz grande"
"Romero_et_al_2025","SL8","SL8-2","single set of methods",0,15,0.305163429654192,0.17989999999999998,"Raíces y una raíz grande"
"Romero_et_al_2025","SL8","SL8-2","single set of methods",15,30,0.29101296816904,0.14550000000000002,"Raíces"
"Romero_et_al_2025","SL8","SL8-2","single set of methods",30,50,0.336966312376148,0.0979,"Raíces y una raíz grande"
"Romero_et_al_2025","SL8","SL8-2","single set of methods",50,100,0.245025990320846,0.1331,"Raíces y una raíz grande"
"Romero_et_al_2025","SL8","SL8-3","single set of methods",0,15,0.352155376598768,0.1835,"Raíces"
"Romero_et_al_2025","SL8","SL8-3","single set of methods",15,30,0.320939512106647,0.15560000000000002,"Raíces y tres raíz grandes"
"Romero_et_al_2025","SL8","SL8-3","single set of methods",30,50,0.305620608899297,0.1399,"Raíces y una raíz grande"
"Romero_et_al_2025","SL8","SL8-3","single set of methods",50,100,0.199318874350242,0.2339,"Raíces y una raíz grande"
"Romero_et_al_2025","SL8","SL8-4","single set of methods",0,15,0.355660824253908,0.1574,"Raíces"
"Romero_et_al_2025","SL8","SL8-4","single set of methods",15,30,0.296907590459781,0.1451,"Raíces y dos raíz grandes"
"Romero_et_al_2025","SL8","SL8-4","single set of methods",30,50,0.295081967213115,0.1393,"Raíces y una raíz grande"
"Romero_et_al_2025","SL8","SL8-4","single set of methods",50,100,0.274421939415666,0.1602,"Raíces y una raíz grande"
"Romero_et_al_2025","SL8","SL8-5","single set of methods",0,15,0.272098531501658,0.12710000000000002,"Raíces"
"Romero_et_al_2025","SL8","SL8-5","single set of methods",15,30,0.284755599891176,0.1393,"Raíces"
"Romero_et_al_2025","SL8","SL8-5","single set of methods",30,50,0.256530354891011,0.1492,"Raíces y una raíz grande"
"Romero_et_al_2025","SL8","SL8-5","single set of methods",50,100,0.290105753719305,0.1394,"Raíces y una raíz grande"
"Romero_et_al_2025","SL9","SL9-1","single set of methods",0,15,0.385978209379441,0.0742,"Raíces y dos raíz grandes"
"Romero_et_al_2025","SL9","SL9-1","single set of methods",15,30,0.343611136301805,0.053,"Pocas raíces"
"Romero_et_al_2025","SL9","SL9-1","single set of methods",30,50,0.498198522788687,0.03859999999999999,"Raíces"
"Romero_et_al_2025","SL9","SL9-1","single set of methods",50,100,0.483419967736153,0.0491,"Pocas raíces"
"Romero_et_al_2025","SL9","SL9-2","single set of methods",0,15,0.401326385599242,0.0573,"Raíces"
"Romero_et_al_2025","SL9","SL9-2","single set of methods",15,30,0.309603700009069,0.0626,"Raíces y dos raíz grande"
"Romero_et_al_2025","SL9","SL9-2","single set of methods",30,50,0.317960727796793,0.07690000000000001,"30% raíz"
"Romero_et_al_2025","SL9","SL9-2","single set of methods",50,100,0.361534325147876,0.0696,"Raíces"
"Romero_et_al_2025","SL9","SL9-3","single set of methods",0,15,0.360113690194221,0.0649,"Pocas raíces y una raíz grande"
"Romero_et_al_2025","SL9","SL9-3","single set of methods",15,30,0.274145279767843,0.1025,"Raíces y una raíz grande"
"Romero_et_al_2025","SL9","SL9-3","single set of methods",30,50,0.255629616285354,0.0733,"Raíces y dos raíz grande"
"Romero_et_al_2025","SL9","SL9-3","single set of methods",50,100,0.320218677182291,0.0666,"Pocas raíces"
"Romero_et_al_2025","SL9","SL9-4","single set of methods",0,15,0.378872572240644,0.0692,"Raíces y una raíz grande"
"Romero_et_al_2025","SL9","SL9-4","single set of methods",15,30,0.269701641425592,0.1108,"Raíces y una raíz grande"
"Romero_et_al_2025","SL9","SL9-4","single set of methods",30,50,0.206719509998199,0.135,"Raíces"
"Romero_et_al_2025","SL9","SL9-5","single set of methods",0,15,0.312553292278541,0.1036,"Raíces, una hoja y una raíz grande"
"Romero_et_al_2025","SL9","SL9-5","single set of methods",15,30,0.370000906864968,0.0765,"Raíces"
"Romero_et_al_2025","SL9","SL9-5","single set of methods",30,50,0.362817510358494,0.0729,"Raíces y dos raíz grandes"
"Romero_et_al_2025","SL9","SL9-5","single set of methods",50,100,0.301846208998028,0.0735,"Raíces y tres raíz grandes"
"Romero_et_al_2025","SL9","SL9-6","single set of methods",0,15,0.307247749881573,0.13269999999999998,"Raíces"
"Romero_et_al_2025","SL9","SL9-6","single set of methods",15,30,0.263807019134851,0.1365,"Raíces, y una raíz grande"
"Romero_et_al_2025","SL9","SL9-6","single set of methods",30,50,0.31823094937849,0.1165,"Raíces"
"Romero_et_al_2025","SL9","SL9-6","single set of methods",50,100,0.363326761068292,0.0898,"Raíces"
