study_id,site_id,core_id,method_id,depth_min,depth_max,sample_id,dry_bulk_density,fraction_organic_matter
Ndhlovu_et_al_2024,Berg1,Berg1_C1,Ndhlovu_et_al_2024,0,5,Berg1_C15,1.54505,1.2e-4
Ndhlovu_et_al_2024,Berg1,Berg1_C1,Ndhlovu_et_al_2024,5,10,Berg1_C110,1.55717,1.5e-4
Ndhlovu_et_al_2024,Berg1,Berg1_C1,Ndhlovu_et_al_2024,10,20,Berg1_C120,1.53562,4e-4
Ndhlovu_et_al_2024,Berg1,Berg1_C1,Ndhlovu_et_al_2024,20,30,Berg1_C130,1.33982,0.00418
Ndhlovu_et_al_2024,Berg1,Berg1_C1,Ndhlovu_et_al_2024,30,50,Berg1_C150,0.8194,0.0111
Ndhlovu_et_al_2024,Berg1,Berg1_C2,Ndhlovu_et_al_2024,0,5,Berg1_C25,1.7076,0.00179
Ndhlovu_et_al_2024,Berg1,Berg1_C2,Ndhlovu_et_al_2024,5,10,Berg1_C210,1.2155,0.00349
Ndhlovu_et_al_2024,Berg1,Berg1_C2,Ndhlovu_et_al_2024,10,20,Berg1_C220,1.1627,0.00454
Ndhlovu_et_al_2024,Berg1,Berg1_C2,Ndhlovu_et_al_2024,20,30,Berg1_C230,0.90682,0.01482
Ndhlovu_et_al_2024,Berg1,Berg1_C2,Ndhlovu_et_al_2024,30,50,Berg1_C250,0.741,0.0133
Ndhlovu_et_al_2024,Berg1,Berg1_C3,Ndhlovu_et_al_2024,0,5,Berg1_C35,1.28525,0.00184
Ndhlovu_et_al_2024,Berg1,Berg1_C3,Ndhlovu_et_al_2024,5,10,Berg1_C310,1.34057,0.00424
Ndhlovu_et_al_2024,Berg1,Berg1_C3,Ndhlovu_et_al_2024,10,20,Berg1_C320,1.47174,8.5e-4
Ndhlovu_et_al_2024,Berg1,Berg1_C3,Ndhlovu_et_al_2024,20,30,Berg1_C330,1.06162,0.00872
Ndhlovu_et_al_2024,Berg1,Berg1_C3,Ndhlovu_et_al_2024,30,50,Berg1_C350,0.79994,0.01183
Ndhlovu_et_al_2024,Berg1,Berg1_C4,Ndhlovu_et_al_2024,0,5,Berg1_C45,1.0739,0.00225
Ndhlovu_et_al_2024,Berg1,Berg1_C4,Ndhlovu_et_al_2024,5,10,Berg1_C410,1.36247,5.3e-4
Ndhlovu_et_al_2024,Berg1,Berg1_C4,Ndhlovu_et_al_2024,10,20,Berg1_C420,1.40816,0.00217
Ndhlovu_et_al_2024,Berg1,Berg1_C4,Ndhlovu_et_al_2024,20,30,Berg1_C430,1.34604,1e-4
Ndhlovu_et_al_2024,Berg1,Berg1_C4,Ndhlovu_et_al_2024,30,50,Berg1_C450,1.20636,0.00509
Ndhlovu_et_al_2024,Berg2,Berg2_C1,Ndhlovu_et_al_2024,0,5,Berg2_C15,1.0924,0.00234
Ndhlovu_et_al_2024,Berg2,Berg2_C1,Ndhlovu_et_al_2024,5,10,Berg2_C110,1.2451,3e-5
Ndhlovu_et_al_2024,Berg2,Berg2_C1,Ndhlovu_et_al_2024,10,20,Berg2_C120,1.28512,7.4e-4
Ndhlovu_et_al_2024,Berg2,Berg2_C1,Ndhlovu_et_al_2024,20,30,Berg2_C130,1.31188,0.00138
Ndhlovu_et_al_2024,Berg2,Berg2_C1,Ndhlovu_et_al_2024,30,50,Berg2_C150,1.30858,0.00202
Ndhlovu_et_al_2024,Berg2,Berg2_C2,Ndhlovu_et_al_2024,0,5,Berg2_C25,1.80817,9.5e-4
Ndhlovu_et_al_2024,Berg2,Berg2_C2,Ndhlovu_et_al_2024,5,10,Berg2_C210,1.9218,8.3e-4
Ndhlovu_et_al_2024,Berg2,Berg2_C2,Ndhlovu_et_al_2024,10,20,Berg2_C220,1.42038,0.00192
Ndhlovu_et_al_2024,Berg2,Berg2_C2,Ndhlovu_et_al_2024,20,30,Berg2_C230,1.30294,6.1e-4
Ndhlovu_et_al_2024,Berg2,Berg2_C2,Ndhlovu_et_al_2024,30,50,Berg2_C250,1.26856,0.00222
Ndhlovu_et_al_2024,Berg2,Berg2_C3,Ndhlovu_et_al_2024,0,5,Berg2_C35,1.83173,0.00155
Ndhlovu_et_al_2024,Berg2,Berg2_C3,Ndhlovu_et_al_2024,5,10,Berg2_C310,1.92015,4.7e-4
Ndhlovu_et_al_2024,Berg2,Berg2_C3,Ndhlovu_et_al_2024,10,20,Berg2_C320,1.35172,6.8e-4
Ndhlovu_et_al_2024,Berg2,Berg2_C3,Ndhlovu_et_al_2024,20,30,Berg2_C330,1.3361,5.5e-4
Ndhlovu_et_al_2024,Berg2,Berg2_C3,Ndhlovu_et_al_2024,30,50,Berg2_C350,1.36132,1.1e-4
Ndhlovu_et_al_2024,Berg2,Berg2_C4,Ndhlovu_et_al_2024,0,5,Berg2_C45,1.10343,3.5e-4
Ndhlovu_et_al_2024,Berg2,Berg2_C4,Ndhlovu_et_al_2024,5,10,Berg2_C410,1.2454,8.9e-4
Ndhlovu_et_al_2024,Berg2,Berg2_C4,Ndhlovu_et_al_2024,10,20,Berg2_C420,1.2553,8.1e-4
Ndhlovu_et_al_2024,Berg2,Berg2_C4,Ndhlovu_et_al_2024,20,30,Berg2_C430,1.32318,8.8e-4
Ndhlovu_et_al_2024,Berg2,Berg2_C4,Ndhlovu_et_al_2024,30,50,Berg2_C450,1.36486,0.00113
Ndhlovu_et_al_2024,Breede2,Breede2_C1,Ndhlovu_et_al_2024,0,5,Breede2_C15,1.31311,1.7e-4
Ndhlovu_et_al_2024,Breede2,Breede2_C1,Ndhlovu_et_al_2024,5,10,Breede2_C110,1.4084,2.8e-4
Ndhlovu_et_al_2024,Breede2,Breede2_C1,Ndhlovu_et_al_2024,10,20,Breede2_C120,1.38198,0.00514
Ndhlovu_et_al_2024,Breede2,Breede2_C1,Ndhlovu_et_al_2024,20,30,Breede2_C130,1.3641,0.0033
Ndhlovu_et_al_2024,Breede2,Breede2_C1,Ndhlovu_et_al_2024,30,50,Breede2_C150,1.37574,0.0023
Ndhlovu_et_al_2024,Breede2,Breede2_C2,Ndhlovu_et_al_2024,0,5,Breede2_C25,1.23025,0.0034
Ndhlovu_et_al_2024,Breede2,Breede2_C2,Ndhlovu_et_al_2024,5,10,Breede2_C210,1.2919,0.00371
Ndhlovu_et_al_2024,Breede2,Breede2_C2,Ndhlovu_et_al_2024,10,20,Breede2_C220,1.31814,0.00385
Ndhlovu_et_al_2024,Breede2,Breede2_C2,Ndhlovu_et_al_2024,20,30,Breede2_C230,1.42138,0.00398
Ndhlovu_et_al_2024,Breede2,Breede2_C2,Ndhlovu_et_al_2024,30,50,Breede2_C250,1.42866,0.00311
Ndhlovu_et_al_2024,Breede2,Breede2_C3,Ndhlovu_et_al_2024,0,5,Breede2_C35,1.1152,0.00198
Ndhlovu_et_al_2024,Breede2,Breede2_C3,Ndhlovu_et_al_2024,5,10,Breede2_C310,1.35293,0.00239
Ndhlovu_et_al_2024,Breede2,Breede2_C3,Ndhlovu_et_al_2024,10,20,Breede2_C320,1.33178,0.00154
Ndhlovu_et_al_2024,Breede2,Breede2_C3,Ndhlovu_et_al_2024,20,30,Breede2_C330,1.43416,0.0018
Ndhlovu_et_al_2024,Breede2,Breede2_C3,Ndhlovu_et_al_2024,30,50,Breede2_C350,1.37176,0.00399
Ndhlovu_et_al_2024,Breede2,Breede2_C4,Ndhlovu_et_al_2024,0,5,Breede2_C45,1.06807,0.00437
Ndhlovu_et_al_2024,Breede2,Breede2_C4,Ndhlovu_et_al_2024,5,10,Breede2_C410,1.3355,0.00607
Ndhlovu_et_al_2024,Breede2,Breede2_C4,Ndhlovu_et_al_2024,10,20,Breede2_C420,1.39808,0.00253
Ndhlovu_et_al_2024,Breede2,Breede2_C4,Ndhlovu_et_al_2024,20,30,Breede2_C430,1.51874,0.00253
Ndhlovu_et_al_2024,Breede2,Breede2_C4,Ndhlovu_et_al_2024,30,50,Breede2_C450,1.39582,0.00159
Ndhlovu_et_al_2024,Knysna1,Knysna1_C1,Ndhlovu_et_al_2024,0,5,Knysna1_C15,1.209,0.0064
Ndhlovu_et_al_2024,Knysna1,Knysna1_C1,Ndhlovu_et_al_2024,5,10,Knysna1_C110,1.27073,0.0056
Ndhlovu_et_al_2024,Knysna1,Knysna1_C1,Ndhlovu_et_al_2024,10,20,Knysna1_C120,1.4066,0.00608
Ndhlovu_et_al_2024,Knysna1,Knysna1_C1,Ndhlovu_et_al_2024,20,30,Knysna1_C130,1.49114,0.0031
Ndhlovu_et_al_2024,Knysna1,Knysna1_C1,Ndhlovu_et_al_2024,30,50,Knysna1_C150,1.55306,0.01078
Ndhlovu_et_al_2024,Knysna1,Knysna1_C2,Ndhlovu_et_al_2024,0,5,Knysna1_C25,1.0996,0.00691
Ndhlovu_et_al_2024,Knysna1,Knysna1_C2,Ndhlovu_et_al_2024,5,10,Knysna1_C210,1.30817,0.00448
Ndhlovu_et_al_2024,Knysna1,Knysna1_C2,Ndhlovu_et_al_2024,10,20,Knysna1_C220,1.41696,0.00214
Ndhlovu_et_al_2024,Knysna1,Knysna1_C2,Ndhlovu_et_al_2024,20,30,Knysna1_C230,1.53132,6e-4
Ndhlovu_et_al_2024,Knysna1,Knysna1_C2,Ndhlovu_et_al_2024,30,50,Knysna1_C250,1.42908,0.00912
Ndhlovu_et_al_2024,Knysna1,Knysna1_C3,Ndhlovu_et_al_2024,0,5,Knysna1_C35,1.21393,0.00809
Ndhlovu_et_al_2024,Knysna1,Knysna1_C3,Ndhlovu_et_al_2024,5,10,Knysna1_C310,1.2837,0.00466
Ndhlovu_et_al_2024,Knysna1,Knysna1_C3,Ndhlovu_et_al_2024,10,20,Knysna1_C320,1.40958,0.00202
Ndhlovu_et_al_2024,Knysna1,Knysna1_C3,Ndhlovu_et_al_2024,20,30,Knysna1_C330,1.44736,0.00284
Ndhlovu_et_al_2024,Knysna1,Knysna1_C3,Ndhlovu_et_al_2024,30,50,Knysna1_C350,1.43374,0.00616
Ndhlovu_et_al_2024,Knysna1,Knysna1_C4,Ndhlovu_et_al_2024,0,5,Knysna1_C45,1.43775,6.8e-4
Ndhlovu_et_al_2024,Knysna1,Knysna1_C4,Ndhlovu_et_al_2024,5,10,Knysna1_C410,1.3989,0.00241
Ndhlovu_et_al_2024,Knysna1,Knysna1_C4,Ndhlovu_et_al_2024,10,20,Knysna1_C420,1.40886,0.00172
Ndhlovu_et_al_2024,Knysna1,Knysna1_C4,Ndhlovu_et_al_2024,20,30,Knysna1_C430,1.50298,3.9e-4
Ndhlovu_et_al_2024,Knysna1,Knysna1_C4,Ndhlovu_et_al_2024,30,50,Knysna1_C450,1.54104,0.0074
Ndhlovu_et_al_2024,Knysna2,Knysna2_C1,Ndhlovu_et_al_2024,0,5,Knysna2_C15,1.56315,6.1e-4
Ndhlovu_et_al_2024,Knysna2,Knysna2_C1,Ndhlovu_et_al_2024,5,10,Knysna2_C110,1.40425,0.00234
Ndhlovu_et_al_2024,Knysna2,Knysna2_C1,Ndhlovu_et_al_2024,10,20,Knysna2_C120,1.45067,0.00197
Ndhlovu_et_al_2024,Knysna2,Knysna2_C1,Ndhlovu_et_al_2024,20,30,Knysna2_C130,1.33906,0.00486
Ndhlovu_et_al_2024,Knysna2,Knysna2_C1,Ndhlovu_et_al_2024,30,50,Knysna2_C150,1.36074,0.0016
Ndhlovu_et_al_2024,Knysna2,Knysna2_C2,Ndhlovu_et_al_2024,0,5,Knysna2_C25,1.37845,0.00202
Ndhlovu_et_al_2024,Knysna2,Knysna2_C2,Ndhlovu_et_al_2024,5,10,Knysna2_C210,1.5054,0.00117
Ndhlovu_et_al_2024,Knysna2,Knysna2_C2,Ndhlovu_et_al_2024,10,20,Knysna2_C220,1.4718,0.00181
Ndhlovu_et_al_2024,Knysna2,Knysna2_C2,Ndhlovu_et_al_2024,20,30,Knysna2_C230,1.39236,0.00351
Ndhlovu_et_al_2024,Knysna2,Knysna2_C2,Ndhlovu_et_al_2024,30,50,Knysna2_C250,1.40734,0.00652
Ndhlovu_et_al_2024,Knysna2,Knysna2_C3,Ndhlovu_et_al_2024,0,5,Knysna2_C35,1.44065,0.00247
Ndhlovu_et_al_2024,Knysna2,Knysna2_C3,Ndhlovu_et_al_2024,5,10,Knysna2_C310,1.5003,0.00273
Ndhlovu_et_al_2024,Knysna2,Knysna2_C3,Ndhlovu_et_al_2024,10,20,Knysna2_C320,1.4206,0.00205
Ndhlovu_et_al_2024,Knysna2,Knysna2_C3,Ndhlovu_et_al_2024,20,30,Knysna2_C330,1.39068,0.00464
Ndhlovu_et_al_2024,Knysna2,Knysna2_C3,Ndhlovu_et_al_2024,30,50,Knysna2_C350,1.37894,0.00348
Ndhlovu_et_al_2024,Knysna2,Knysna2_C4,Ndhlovu_et_al_2024,0,5,Knysna2_C45,1.5335,0.00136
Ndhlovu_et_al_2024,Knysna2,Knysna2_C4,Ndhlovu_et_al_2024,5,10,Knysna2_C410,1.4524,0.00812
Ndhlovu_et_al_2024,Knysna2,Knysna2_C4,Ndhlovu_et_al_2024,10,20,Knysna2_C420,1.49632,0.00401
Ndhlovu_et_al_2024,Knysna2,Knysna2_C4,Ndhlovu_et_al_2024,20,30,Knysna2_C430,1.42676,0.00391
Ndhlovu_et_al_2024,Knysna2,Knysna2_C4,Ndhlovu_et_al_2024,30,50,Knysna2_C450,1.464,0.00261
Ndhlovu_et_al_2024,Mngazana1,Mngazana1_C1,Ndhlovu_et_al_2024,0,5,Mngazana1_C15,1.55563,0.01514
Ndhlovu_et_al_2024,Mngazana1,Mngazana1_C1,Ndhlovu_et_al_2024,5,10,Mngazana1_C110,1.62857,0.01226
Ndhlovu_et_al_2024,Mngazana1,Mngazana1_C1,Ndhlovu_et_al_2024,10,20,Mngazana1_C120,1.13762,0.01492
Ndhlovu_et_al_2024,Mngazana1,Mngazana1_C1,Ndhlovu_et_al_2024,20,30,Mngazana1_C130,1.03607,0.01539
Ndhlovu_et_al_2024,Mngazana1,Mngazana1_C2,Ndhlovu_et_al_2024,0,5,Mngazana1_C25,1.18973,0.00853
Ndhlovu_et_al_2024,Mngazana1,Mngazana1_C2,Ndhlovu_et_al_2024,5,10,Mngazana1_C210,1.38606,0.00639
Ndhlovu_et_al_2024,Mngazana1,Mngazana1_C2,Ndhlovu_et_al_2024,10,20,Mngazana1_C220,1.25422,0.01645
Ndhlovu_et_al_2024,Mngazana1,Mngazana1_C2,Ndhlovu_et_al_2024,20,30,Mngazana1_C230,1.59456,0.01453
Ndhlovu_et_al_2024,Mngazana1,Mngazana1_C3,Ndhlovu_et_al_2024,0,5,Mngazana1_C35,1.60241,0.02097
Ndhlovu_et_al_2024,Mngazana1,Mngazana1_C3,Ndhlovu_et_al_2024,5,10,Mngazana1_C310,1.54528,0.00847
Ndhlovu_et_al_2024,Mngazana1,Mngazana1_C3,Ndhlovu_et_al_2024,10,20,Mngazana1_C320,1.52502,0.01601
Ndhlovu_et_al_2024,Mngazana1,Mngazana1_C3,Ndhlovu_et_al_2024,20,30,Mngazana1_C330,1.53124,0.0152
Ndhlovu_et_al_2024,Mngazana1,Mngazana1_C4,Ndhlovu_et_al_2024,0,5,Mngazana1_C45,1.5342,0.01656
Ndhlovu_et_al_2024,Mngazana1,Mngazana1_C4,Ndhlovu_et_al_2024,5,10,Mngazana1_C410,1.28478,0.00737
Ndhlovu_et_al_2024,Mngazana1,Mngazana1_C4,Ndhlovu_et_al_2024,10,20,Mngazana1_C420,1.6458,0.01265
Ndhlovu_et_al_2024,Mngazana1,Mngazana1_C4,Ndhlovu_et_al_2024,20,30,Mngazana1_C430,1.61056,0.01405
Ndhlovu_et_al_2024,Mngazana1,Mngazana1_C4,Ndhlovu_et_al_2024,30,50,Mngazana1_C450,1.54818,0.01491
Ndhlovu_et_al_2024,Mngazana1,Mngazana1_C5,Ndhlovu_et_al_2024,0,5,Mngazana1_C55,1.56035,0.013
Ndhlovu_et_al_2024,Mngazana1,Mngazana1_C5,Ndhlovu_et_al_2024,5,10,Mngazana1_C510,1.42733,0.01526
Ndhlovu_et_al_2024,Mngazana1,Mngazana1_C5,Ndhlovu_et_al_2024,10,20,Mngazana1_C520,1.0061,0.01037
Ndhlovu_et_al_2024,Mngazana1,Mngazana1_C5,Ndhlovu_et_al_2024,20,30,Mngazana1_C530,1.19377,0.01163
Ndhlovu_et_al_2024,Mngazana1,Mngazana1_C6,Ndhlovu_et_al_2024,0,5,Mngazana1_C65,1.12677,0.01069
Ndhlovu_et_al_2024,Mngazana1,Mngazana1_C6,Ndhlovu_et_al_2024,5,10,Mngazana1_C610,1.22273,0.00296
Ndhlovu_et_al_2024,Mngazana1,Mngazana1_C6,Ndhlovu_et_al_2024,10,20,Mngazana1_C620,1.1683,0.00427
Ndhlovu_et_al_2024,Mngazana1,Mngazana1_C6,Ndhlovu_et_al_2024,20,30,Mngazana1_C630,1.21754,0.00529
Ndhlovu_et_al_2024,Mngazana1,Mngazana1_C6,Ndhlovu_et_al_2024,30,50,Mngazana1_C650,1.45898,0.00323
Ndhlovu_et_al_2024,Mngazana2,Mngazana2_C1,Ndhlovu_et_al_2024,0,5,Mngazana2_C15,0.78605,0.01065
Ndhlovu_et_al_2024,Mngazana2,Mngazana2_C1,Ndhlovu_et_al_2024,5,10,Mngazana2_C110,1.73627,0.00694
Ndhlovu_et_al_2024,Mngazana2,Mngazana2_C1,Ndhlovu_et_al_2024,10,20,Mngazana2_C120,1.62898,0.00633
Ndhlovu_et_al_2024,Mngazana2,Mngazana2_C1,Ndhlovu_et_al_2024,20,30,Mngazana2_C130,1.25498,0.00763
Ndhlovu_et_al_2024,Mngazana2,Mngazana2_C2,Ndhlovu_et_al_2024,0,5,Mngazana2_C25,1.32565,0.00475
Ndhlovu_et_al_2024,Mngazana2,Mngazana2_C2,Ndhlovu_et_al_2024,5,10,Mngazana2_C210,0.7422,0.00842
Ndhlovu_et_al_2024,Mngazana2,Mngazana2_C2,Ndhlovu_et_al_2024,10,20,Mngazana2_C220,1.09104,0.01094
Ndhlovu_et_al_2024,Mngazana2,Mngazana2_C2,Ndhlovu_et_al_2024,20,30,Mngazana2_C230,1.25498,0.01937
Ndhlovu_et_al_2024,Mngazana2,Mngazana2_C3,Ndhlovu_et_al_2024,0,5,Mngazana2_C35,0.91237,0.01104
Ndhlovu_et_al_2024,Mngazana2,Mngazana2_C3,Ndhlovu_et_al_2024,5,10,Mngazana2_C310,1.12673,0.00773
Ndhlovu_et_al_2024,Mngazana2,Mngazana2_C3,Ndhlovu_et_al_2024,10,20,Mngazana2_C320,1.06916,0.0112
Ndhlovu_et_al_2024,Mngazana2,Mngazana2_C3,Ndhlovu_et_al_2024,20,30,Mngazana2_C330,1.25498,0.00342
Ndhlovu_et_al_2024,Mngazana2,Mngazana2_C4,Ndhlovu_et_al_2024,0,5,Mngazana2_C45,1.6113,0.00723
Ndhlovu_et_al_2024,Mngazana2,Mngazana2_C4,Ndhlovu_et_al_2024,5,10,Mngazana2_C410,1.29133,0.00401
Ndhlovu_et_al_2024,Mngazana2,Mngazana2_C4,Ndhlovu_et_al_2024,10,20,Mngazana2_C420,1.09878,0.0107
Ndhlovu_et_al_2024,Mngazana2,Mngazana2_C5,Ndhlovu_et_al_2024,0,5,Mngazana2_C55,1.15473,0.01
Ndhlovu_et_al_2024,Mngazana2,Mngazana2_C5,Ndhlovu_et_al_2024,5,10,Mngazana2_C510,1.347,0.00432
Ndhlovu_et_al_2024,Mngazana2,Mngazana2_C5,Ndhlovu_et_al_2024,10,20,Mngazana2_C520,1.44718,0.00249
Ndhlovu_et_al_2024,Mngazana2,Mngazana2_C5,Ndhlovu_et_al_2024,20,30,Mngazana2_C530,1.42622,7.3e-4
Ndhlovu_et_al_2024,Mngazana2,Mngazana2_C5,Ndhlovu_et_al_2024,30,50,Mngazana2_C550,1.4675,0.0055
Ndhlovu_et_al_2024,Olifants1,Olifants1_C1,Ndhlovu_et_al_2024,0,5,Olifants1_C15,1.2942,0.00393
Ndhlovu_et_al_2024,Olifants1,Olifants1_C1,Ndhlovu_et_al_2024,5,10,Olifants1_C110,1.41923,0.00195
Ndhlovu_et_al_2024,Olifants1,Olifants1_C1,Ndhlovu_et_al_2024,10,20,Olifants1_C120,1.53908,0.00108
Ndhlovu_et_al_2024,Olifants1,Olifants1_C1,Ndhlovu_et_al_2024,20,30,Olifants1_C130,1.489,9e-4
Ndhlovu_et_al_2024,Olifants1,Olifants1_C1,Ndhlovu_et_al_2024,30,50,Olifants1_C150,1.54098,9e-5
Ndhlovu_et_al_2024,Olifants1,Olifants1_C2,Ndhlovu_et_al_2024,0,5,Olifants1_C25,1.02785,0.00316
Ndhlovu_et_al_2024,Olifants1,Olifants1_C2,Ndhlovu_et_al_2024,5,10,Olifants1_C210,1.51263,0.00118
Ndhlovu_et_al_2024,Olifants1,Olifants1_C2,Ndhlovu_et_al_2024,10,20,Olifants1_C220,1.43738,0.0018600000000000001
Ndhlovu_et_al_2024,Olifants1,Olifants1_C2,Ndhlovu_et_al_2024,20,30,Olifants1_C230,1.50386,0.00163
Ndhlovu_et_al_2024,Olifants1,Olifants1_C2,Ndhlovu_et_al_2024,30,50,Olifants1_C250,1.4668,0.00143
Ndhlovu_et_al_2024,Olifants1,Olifants1_C3,Ndhlovu_et_al_2024,0,5,Olifants1_C35,1.3116,0.0026
Ndhlovu_et_al_2024,Olifants1,Olifants1_C3,Ndhlovu_et_al_2024,5,10,Olifants1_C310,1.43673,0.00136
Ndhlovu_et_al_2024,Olifants1,Olifants1_C3,Ndhlovu_et_al_2024,10,20,Olifants1_C320,1.35332,3.7e-4
Ndhlovu_et_al_2024,Olifants1,Olifants1_C3,Ndhlovu_et_al_2024,20,30,Olifants1_C330,1.36208,2.4e-4
Ndhlovu_et_al_2024,Olifants1,Olifants1_C3,Ndhlovu_et_al_2024,30,50,Olifants1_C350,1.40786,6.3e-4
Ndhlovu_et_al_2024,Olifants1,Olifants1_C4,Ndhlovu_et_al_2024,0,5,Olifants1_C45,0.54836,0.001
Ndhlovu_et_al_2024,Olifants1,Olifants1_C4,Ndhlovu_et_al_2024,5,10,Olifants1_C410,0.91434,8.4e-4
Ndhlovu_et_al_2024,Olifants1,Olifants1_C4,Ndhlovu_et_al_2024,10,20,Olifants1_C420,1.39098,0.0018600000000000001
Ndhlovu_et_al_2024,Olifants1,Olifants1_C4,Ndhlovu_et_al_2024,20,30,Olifants1_C430,1.37816,0.00112
Ndhlovu_et_al_2024,Olifants1,Olifants1_C4,Ndhlovu_et_al_2024,30,50,Olifants1_C450,1.45242,6.9e-4
Ndhlovu_et_al_2024,Olifants2,Olifants2_C1,Ndhlovu_et_al_2024,0,5,Olifants2_C15,0.853,0.00461
Ndhlovu_et_al_2024,Olifants2,Olifants2_C1,Ndhlovu_et_al_2024,5,10,Olifants2_C110,1.19213,0.00504
Ndhlovu_et_al_2024,Olifants2,Olifants2_C1,Ndhlovu_et_al_2024,10,20,Olifants2_C120,1.18698,0.00202
Ndhlovu_et_al_2024,Olifants2,Olifants2_C1,Ndhlovu_et_al_2024,20,30,Olifants2_C130,1.18636,0.00307
Ndhlovu_et_al_2024,Olifants2,Olifants2_C1,Ndhlovu_et_al_2024,30,50,Olifants2_C150,1.32318,8.2e-4
Ndhlovu_et_al_2024,Olifants2,Olifants2_C2,Ndhlovu_et_al_2024,0,5,Olifants2_C25,0.84465,0.00301
Ndhlovu_et_al_2024,Olifants2,Olifants2_C2,Ndhlovu_et_al_2024,5,10,Olifants2_C210,1.2475,0.00337
Ndhlovu_et_al_2024,Olifants2,Olifants2_C2,Ndhlovu_et_al_2024,10,20,Olifants2_C220,1.26038,9.1e-4
Ndhlovu_et_al_2024,Olifants2,Olifants2_C2,Ndhlovu_et_al_2024,20,30,Olifants2_C230,1.12852,0.00427
Ndhlovu_et_al_2024,Olifants2,Olifants2_C2,Ndhlovu_et_al_2024,30,50,Olifants2_C250,1.26536,0.00163
Ndhlovu_et_al_2024,Olifants2,Olifants2_C3,Ndhlovu_et_al_2024,0,5,Olifants2_C35,0.4928,0.01358
Ndhlovu_et_al_2024,Olifants2,Olifants2_C3,Ndhlovu_et_al_2024,5,10,Olifants2_C310,1.11455,0.0027
Ndhlovu_et_al_2024,Olifants2,Olifants2_C3,Ndhlovu_et_al_2024,10,20,Olifants2_C320,1.20178,0.00273
Ndhlovu_et_al_2024,Olifants2,Olifants2_C3,Ndhlovu_et_al_2024,20,30,Olifants2_C330,1.17266,0.00202
Ndhlovu_et_al_2024,Olifants2,Olifants2_C3,Ndhlovu_et_al_2024,30,50,Olifants2_C350,1.2713,0.00106
Ndhlovu_et_al_2024,Olifants2,Olifants2_C4,Ndhlovu_et_al_2024,0,5,Olifants2_C45,1.2384,0.00832
Ndhlovu_et_al_2024,Olifants2,Olifants2_C4,Ndhlovu_et_al_2024,5,10,Olifants2_C410,1.24067,6.6e-4
Ndhlovu_et_al_2024,Olifants2,Olifants2_C4,Ndhlovu_et_al_2024,10,20,Olifants2_C420,1.29334,6.6e-4
Ndhlovu_et_al_2024,Olifants2,Olifants2_C4,Ndhlovu_et_al_2024,20,30,Olifants2_C430,1.3453,0.00117
Ndhlovu_et_al_2024,Olifants2,Olifants2_C4,Ndhlovu_et_al_2024,30,50,Olifants2_C450,1.28074,8.7e-4
Ndhlovu_et_al_2024,Swartkops1,Swartkops1_C1,Ndhlovu_et_al_2024,0,5,Swartkops1_C15,1.10135,0.0234
Ndhlovu_et_al_2024,Swartkops1,Swartkops1_C1,Ndhlovu_et_al_2024,5,10,Swartkops1_C110,0.87134,0.02664
Ndhlovu_et_al_2024,Swartkops1,Swartkops1_C1,Ndhlovu_et_al_2024,10,20,Swartkops1_C120,1.3925,0.02619
Ndhlovu_et_al_2024,Swartkops1,Swartkops1_C1,Ndhlovu_et_al_2024,20,30,Swartkops1_C130,1.39444,0.02503
Ndhlovu_et_al_2024,Swartkops1,Swartkops1_C1,Ndhlovu_et_al_2024,30,50,Swartkops1_C150,1.5505,0.02631
Ndhlovu_et_al_2024,Swartkops1,Swartkops1_C2,Ndhlovu_et_al_2024,0,5,Swartkops1_C25,1.30985,0.02569
Ndhlovu_et_al_2024,Swartkops1,Swartkops1_C2,Ndhlovu_et_al_2024,5,10,Swartkops1_C210,1.4867,0.02874
Ndhlovu_et_al_2024,Swartkops1,Swartkops1_C2,Ndhlovu_et_al_2024,10,20,Swartkops1_C220,1.37512,0.02744
Ndhlovu_et_al_2024,Swartkops1,Swartkops1_C2,Ndhlovu_et_al_2024,20,30,Swartkops1_C230,1.4363,0.02997
Ndhlovu_et_al_2024,Swartkops1,Swartkops1_C2,Ndhlovu_et_al_2024,30,50,Swartkops1_C250,1.4363,0.0259
Ndhlovu_et_al_2024,Swartkops1,Swartkops1_C3,Ndhlovu_et_al_2024,0,5,Swartkops1_C35,1.02685,0.04037
Ndhlovu_et_al_2024,Swartkops1,Swartkops1_C3,Ndhlovu_et_al_2024,5,10,Swartkops1_C310,0.95683,0.04844
Ndhlovu_et_al_2024,Swartkops1,Swartkops1_C3,Ndhlovu_et_al_2024,10,20,Swartkops1_C320,1.55902,0.03857
Ndhlovu_et_al_2024,Swartkops1,Swartkops1_C3,Ndhlovu_et_al_2024,20,30,Swartkops1_C330,1.45516,0.0328
Ndhlovu_et_al_2024,Swartkops1,Swartkops1_C3,Ndhlovu_et_al_2024,30,50,Swartkops1_C350,1.36594,0.02911
Ndhlovu_et_al_2024,Swartkops1,Swartkops1_C4,Ndhlovu_et_al_2024,0,5,Swartkops1_C45,1.4135,0.03046
Ndhlovu_et_al_2024,Swartkops1,Swartkops1_C4,Ndhlovu_et_al_2024,5,10,Swartkops1_C410,1.09147,0.03201
Ndhlovu_et_al_2024,Swartkops1,Swartkops1_C4,Ndhlovu_et_al_2024,10,20,Swartkops1_C420,1.54712,0.02356
Ndhlovu_et_al_2024,Swartkops1,Swartkops1_C4,Ndhlovu_et_al_2024,20,30,Swartkops1_C430,1.51242,0.02603
Ndhlovu_et_al_2024,Swartkops1,Swartkops1_C4,Ndhlovu_et_al_2024,30,50,Swartkops1_C450,1.4148,0.02867
Ndhlovu_et_al_2024,Swartkops2,Swartkops2_C1,Ndhlovu_et_al_2024,0,5,Swartkops2_C15,1.0261,4.9e-4
Ndhlovu_et_al_2024,Swartkops2,Swartkops2_C1,Ndhlovu_et_al_2024,5,10,Swartkops2_C110,1.2449,0.00257
Ndhlovu_et_al_2024,Swartkops2,Swartkops2_C1,Ndhlovu_et_al_2024,10,20,Swartkops2_C120,1.3238,2.4e-4
Ndhlovu_et_al_2024,Swartkops2,Swartkops2_C1,Ndhlovu_et_al_2024,20,30,Swartkops2_C130,1.4029,0.00184
Ndhlovu_et_al_2024,Swartkops2,Swartkops2_C1,Ndhlovu_et_al_2024,30,50,Swartkops2_C150,1.50724,9.6e-4
Ndhlovu_et_al_2024,Swartkops2,Swartkops2_C2,Ndhlovu_et_al_2024,0,5,Swartkops2_C25,1.45655,1.8e-4
Ndhlovu_et_al_2024,Swartkops2,Swartkops2_C2,Ndhlovu_et_al_2024,5,10,Swartkops2_C210,1.64215,4e-4
Ndhlovu_et_al_2024,Swartkops2,Swartkops2_C2,Ndhlovu_et_al_2024,10,20,Swartkops2_C220,1.54964,0.00189
Ndhlovu_et_al_2024,Swartkops2,Swartkops2_C2,Ndhlovu_et_al_2024,20,30,Swartkops2_C230,1.49962,0.00275
Ndhlovu_et_al_2024,Swartkops2,Swartkops2_C2,Ndhlovu_et_al_2024,30,50,Swartkops2_C250,1.49542,8.6e-4
Ndhlovu_et_al_2024,Swartkops2,Swartkops2_C3,Ndhlovu_et_al_2024,0,5,Swartkops2_C35,1.5091,0.00483
Ndhlovu_et_al_2024,Swartkops2,Swartkops2_C3,Ndhlovu_et_al_2024,5,10,Swartkops2_C310,1.515,0.00633
Ndhlovu_et_al_2024,Swartkops2,Swartkops2_C3,Ndhlovu_et_al_2024,10,20,Swartkops2_C320,1.5306,0.00171
Ndhlovu_et_al_2024,Swartkops2,Swartkops2_C3,Ndhlovu_et_al_2024,20,30,Swartkops2_C330,1.49608,0.00203
Ndhlovu_et_al_2024,Swartkops2,Swartkops2_C3,Ndhlovu_et_al_2024,30,50,Swartkops2_C350,1.50826,4e-5
Ndhlovu_et_al_2024,Swartkops2,Swartkops2_C4,Ndhlovu_et_al_2024,0,5,Swartkops2_C45,1.4349,8.3e-4
Ndhlovu_et_al_2024,Swartkops2,Swartkops2_C4,Ndhlovu_et_al_2024,5,10,Swartkops2_C410,0.9945,0.0017
Ndhlovu_et_al_2024,Swartkops2,Swartkops2_C4,Ndhlovu_et_al_2024,10,20,Swartkops2_C420,1.45752,9.9e-4
Ndhlovu_et_al_2024,Swartkops2,Swartkops2_C4,Ndhlovu_et_al_2024,20,30,Swartkops2_C430,1.48846,0.00215
Ndhlovu_et_al_2024,Swartkops2,Swartkops2_C4,Ndhlovu_et_al_2024,30,50,Swartkops2_C450,1.46486,7.5e-4
